birdorna,creamholder,jumbobag,lunchbagblack,lunchbagred,party,popcorn,cakestand,caketins,Quantity,TotalAmount
10,10,10,10,10,10,10,10,10,126,262.2
85,85,85,85,85,85,85,85,85,306,496.97999999999973
4,4,4,4,4,4,4,4,4,20,72.92
1,1,1,1,1,1,1,1,1,6,17.700000000000003
1,1,1,1,1,1,1,1,1,10,16.5
1,1,1,1,1,1,1,1,1,12,10.2
5,5,5,5,5,5,5,5,5,64,79.2
1,1,1,1,1,1,1,1,1,3,14.85
1,1,1,1,1,1,1,1,1,12,10.2
2,2,2,2,2,2,2,2,2,20,46.84
1,1,1,1,1,1,1,1,1,4,19.8
4,4,4,4,4,4,4,4,4,23,60.02000000000001
1,1,1,1,1,1,1,1,1,2,1.1
17,17,17,17,17,17,17,17,17,230,249.80000000000004
9,9,9,9,9,9,9,9,9,126,224.3
11,11,11,11,11,11,11,11,11,40,187.0
9,9,9,9,9,9,9,9,9,66,220.70000000000002
1,1,1,1,1,1,1,1,1,1,0.55
1,1,1,1,1,1,1,1,1,3,14.85
3,3,3,3,3,3,3,3,3,44,50.5
5,5,5,5,5,5,5,5,5,24,88.80000000000001
7,7,7,7,7,7,7,7,7,20,46.4
26,26,26,26,26,26,26,26,26,147,230.98999999999995
10,10,10,10,10,10,10,10,10,77,147.23000000000002
5,5,5,5,5,5,5,5,5,36,79.66
1,1,1,1,1,1,1,1,1,2,9.9
2,2,2,2,2,2,2,2,2,34,34.0
1,1,1,1,1,1,1,1,1,3,14.85
1,1,1,1,1,1,1,1,1,10,20.8
3,3,3,3,3,3,3,3,3,14,43.22
1,1,1,1,1,1,1,1,1,6,17.700000000000003
2,2,2,2,2,2,2,2,2,28,33.0
2,2,2,2,2,2,2,2,2,10,23.42
1,1,1,1,1,1,1,1,1,8,13.52
5,5,5,5,5,5,5,5,5,78,83.2
1,1,1,1,1,1,1,1,1,8,13.52
2,2,2,2,2,2,2,2,2,7,34.65
1,1,1,1,1,1,1,1,1,4,3.4
24,24,24,24,24,24,24,24,24,370,494.40000000000003
1,1,1,1,1,1,1,1,1,10,20.8
5,5,5,5,5,5,5,5,5,52,105.7
2,2,2,2,2,2,2,2,2,32,54.08
7,7,7,7,7,7,7,7,7,112,114.2
7,7,7,7,7,7,7,7,7,56,112.2
2,2,2,2,2,2,2,2,2,14,31.220000000000002
3,3,3,3,3,3,3,3,3,18,51.02
2,2,2,2,2,2,2,2,2,10,16.82
1,1,1,1,1,1,1,1,1,6,17.700000000000003
4,4,4,4,4,4,4,4,4,40,66.0
3,3,3,3,3,3,3,3,3,24,52.8
14,14,14,14,14,14,14,14,14,162,281.18
3,3,3,3,3,3,3,3,3,14,43.22
1,1,1,1,1,1,1,1,1,12,35.400000000000006
3,3,3,3,3,3,3,3,3,56,67.28
3,3,3,3,3,3,3,3,3,10,21.42
3,3,3,3,3,3,3,3,3,52,46.2
1,1,1,1,1,1,1,1,1,2,9.9
1,1,1,1,1,1,1,1,1,1,4.95
4,4,4,4,4,4,4,4,4,64,105.60000000000001
2,2,2,2,2,2,2,2,2,24,52.8
2,2,2,2,2,2,2,2,2,16,30.0
1,1,1,1,1,1,1,1,1,8,13.52
1,1,1,1,1,1,1,1,1,1,1.65
1,1,1,1,1,1,1,1,1,24,13.2
1,1,1,1,1,1,1,1,1,10,16.5
2,2,2,2,2,2,2,2,2,7,34.65
1,1,1,1,1,1,1,1,1,12,35.400000000000006
3,3,3,3,3,3,3,3,3,21,67.95000000000002
15,15,15,15,15,15,15,15,15,138,292.34
16,16,16,16,16,16,16,16,16,152,253.4
2,2,2,2,2,2,2,2,2,8,39.6
8,8,8,8,8,8,8,8,8,128,186.39999999999998
3,3,3,3,3,3,3,3,3,24,57.099999999999994
6,6,6,6,6,6,6,6,6,78,96.65999999999998
7,7,7,7,7,7,7,7,7,43,113.85
6,6,6,6,6,6,6,6,6,74,107.3
1,1,1,1,1,1,1,1,1,3,14.85
1,1,1,1,1,1,1,1,1,10,20.8
1,1,1,1,1,1,1,1,1,10,16.5
2,2,2,2,2,2,2,2,2,15,12.75
3,3,3,3,3,3,3,3,3,17,37.95
1,1,1,1,1,1,1,1,1,10,19.5
1,1,1,1,1,1,1,1,1,8,13.52
1,1,1,1,1,1,1,1,1,8,13.52
4,4,4,4,4,4,4,4,4,22,56.739999999999995
3,3,3,3,3,3,3,3,3,19,41.89
9,9,9,9,9,9,9,9,9,57,234.15000000000003
11,11,11,11,11,11,11,11,11,110,197.4
13,13,13,13,13,13,13,13,13,67,220.41000000000003
2,2,2,2,2,2,2,2,2,8,39.6
1,1,1,1,1,1,1,1,1,12,35.400000000000006
1,1,1,1,1,1,1,1,1,9,26.55
1,1,1,1,1,1,1,1,1,6,17.700000000000003
2,2,2,2,2,2,2,2,2,7,18.04
7,7,7,7,7,7,7,7,7,30,73.5
1,1,1,1,1,1,1,1,1,3,14.85
17,17,17,17,17,17,17,17,17,308,339.0
38,38,38,38,38,38,38,38,38,434,848.5800000000002
3,3,3,3,3,3,3,3,3,32,54.08
1,1,1,1,1,1,1,1,1,4,19.8
3,3,3,3,3,3,3,3,3,64,86.4
8,8,8,8,8,8,8,8,8,37,183.15000000000003
18,18,18,18,18,18,18,18,18,326,537.9
9,9,9,9,9,9,9,9,9,144,223.20000000000005
1,1,1,1,1,1,1,1,1,16,27.04
1,1,1,1,1,1,1,1,1,24,13.2
2,2,2,2,2,2,2,2,2,20,33.0
5,5,5,5,5,5,5,5,5,37,113.15
2,2,2,2,2,2,2,2,2,11,21.45
6,6,6,6,6,6,6,6,6,80,132.0
1,1,1,1,1,1,1,1,1,6,17.700000000000003
3,3,3,3,3,3,3,3,3,16,53.120000000000005
2,2,2,2,2,2,2,2,2,6,15.100000000000001
2,2,2,2,2,2,2,2,2,4,6.8999999999999995
1,1,1,1,1,1,1,1,1,6,17.700000000000003
3,3,3,3,3,3,3,3,3,23,47.85
1,1,1,1,1,1,1,1,1,3,14.85
2,2,2,2,2,2,2,2,2,20,33.0
1,1,1,1,1,1,1,1,1,4,19.8
3,3,3,3,3,3,3,3,3,20,58.300000000000004
6,6,6,6,6,6,6,6,6,66,122.1
28,28,28,28,28,28,28,28,28,98,137.29
2,2,2,2,2,2,2,2,2,16,27.04
3,3,3,3,3,3,3,3,3,18,43.019999999999996
8,8,8,8,8,8,8,8,8,85,132.67
13,13,13,13,13,13,13,13,13,116,239.8
1,1,1,1,1,1,1,1,1,4,19.8
1,1,1,1,1,1,1,1,1,7,20.65
6,6,6,6,6,6,6,6,6,104,145.2
5,5,5,5,5,5,5,5,5,56,63.599999999999994
2,2,2,2,2,2,2,2,2,9,24.05
1,1,1,1,1,1,1,1,1,8,23.6
3,3,3,3,3,3,3,3,3,52,85.80000000000001
1,1,1,1,1,1,1,1,1,3,14.85
3,3,3,3,3,3,3,3,3,13,52.35
1,1,1,1,1,1,1,1,1,1,4.95
1,1,1,1,1,1,1,1,1,4,11.8
2,2,2,2,2,2,2,2,2,14,41.300000000000004
17,17,17,17,17,17,17,17,17,230,395.40000000000003
2,2,2,2,2,2,2,2,2,6,29.700000000000003
3,3,3,3,3,3,3,3,3,19,53.35000000000001
5,5,5,5,5,5,5,5,5,42,89.74
4,4,4,4,4,4,4,4,4,40,70.3
1,1,1,1,1,1,1,1,1,10,16.9
12,12,12,12,12,12,12,12,12,134,190.60000000000002
2,2,2,2,2,2,2,2,2,11,19.25
3,3,3,3,3,3,3,3,3,30,53.8
16,16,16,16,16,16,16,16,16,57,114.55000000000001
7,7,7,7,7,7,7,7,7,31,44.4
2,2,2,2,2,2,2,2,2,15,45.55
1,1,1,1,1,1,1,1,1,4,19.8
3,3,3,3,3,3,3,3,3,30,61.099999999999994
1,1,1,1,1,1,1,1,1,10,20.8
1,1,1,1,1,1,1,1,1,3,8.850000000000001
3,3,3,3,3,3,3,3,3,7,17.61
1,1,1,1,1,1,1,1,1,4,19.8
1,1,1,1,1,1,1,1,1,10,29.5
1,1,1,1,1,1,1,1,1,8,13.52
53,53,53,53,53,53,53,53,53,108,315.70000000000005
4,4,4,4,4,4,4,4,4,52,99.64
4,4,4,4,4,4,4,4,4,75,54.449999999999996
9,9,9,9,9,9,9,9,9,85,212.11
8,8,8,8,8,8,8,8,8,41,50.85
23,23,23,23,23,23,23,23,23,243,418.55
2,2,2,2,2,2,2,2,2,9,32.550000000000004
8,8,8,8,8,8,8,8,8,57,84.15
2,2,2,2,2,2,2,2,2,12,59.400000000000006
2,2,2,2,2,2,2,2,2,34,29.7
7,7,7,7,7,7,7,7,7,84,120.8
3,3,3,3,3,3,3,3,3,28,53.44
3,3,3,3,3,3,3,3,3,36,67.34
2,2,2,2,2,2,2,2,2,30,49.5
2,2,2,2,2,2,2,2,2,27,35.25
1,1,1,1,1,1,1,1,1,3,14.85
1,1,1,1,1,1,1,1,1,10,19.5
4,4,4,4,4,4,4,4,4,40,70.3
6,6,6,6,6,6,6,6,6,36,102.03999999999999
7,7,7,7,7,7,7,7,7,66,163.0
4,4,4,4,4,4,4,4,4,33,57.74999999999999
1,1,1,1,1,1,1,1,1,1,4.95
7,7,7,7,7,7,7,7,7,60,163.82000000000002
35,35,35,35,35,35,35,35,35,426,749.9399999999999
3,3,3,3,3,3,3,3,3,26,46.5
1,1,1,1,1,1,1,1,1,16,27.04
5,5,5,5,5,5,5,5,5,94,90.9
1,1,1,1,1,1,1,1,1,20,33.0
1,1,1,1,1,1,1,1,1,8,13.52
10,10,10,10,10,10,10,10,10,89,188.55
1,1,1,1,1,1,1,1,1,8,13.52
2,2,2,2,2,2,2,2,2,26,62.7
3,3,3,3,3,3,3,3,3,31,47.849999999999994
1,1,1,1,1,1,1,1,1,4,19.8
1,1,1,1,1,1,1,1,1,3,14.85
2,2,2,2,2,2,2,2,2,20,33.0
2,2,2,2,2,2,2,2,2,13,31.35
4,4,4,4,4,4,4,4,4,6,16.5
3,3,3,3,3,3,3,3,3,15,48.17
1,1,1,1,1,1,1,1,1,3,14.85
1,1,1,1,1,1,1,1,1,12,35.400000000000006
1,1,1,1,1,1,1,1,1,3,14.85
5,5,5,5,5,5,5,5,5,62,124.50000000000001
2,2,2,2,2,2,2,2,2,18,30.02
3,3,3,3,3,3,3,3,3,33,64.35
3,3,3,3,3,3,3,3,3,23,52.150000000000006
14,14,14,14,14,14,14,14,14,185,338.15
2,2,2,2,2,2,2,2,2,14,31.220000000000002
1,1,1,1,1,1,1,1,1,8,13.52
1,1,1,1,1,1,1,1,1,4,19.8
2,2,2,2,2,2,2,2,2,34,34.0
1,1,1,1,1,1,1,1,1,24,13.2
2,2,2,2,2,2,2,2,2,16,50.5
1,1,1,1,1,1,1,1,1,24,13.2
1,1,1,1,1,1,1,1,1,4,19.8
4,4,4,4,4,4,4,4,4,46,83.7
1,1,1,1,1,1,1,1,1,6,17.700000000000003
2,2,2,2,2,2,2,2,2,48,26.4
1,1,1,1,1,1,1,1,1,10,20.8
3,3,3,3,3,3,3,3,3,32,61.5
1,1,1,1,1,1,1,1,1,3,14.85
10,10,10,10,10,10,10,10,10,118,199.82
1,1,1,1,1,1,1,1,1,1,2.95
1,1,1,1,1,1,1,1,1,10,20.8
3,3,3,3,3,3,3,3,3,48,53.76
1,1,1,1,1,1,1,1,1,6,17.700000000000003
2,2,2,2,2,2,2,2,2,13,21.45
1,1,1,1,1,1,1,1,1,6,17.700000000000003
3,3,3,3,3,3,3,3,3,72,39.599999999999994
21,21,21,21,21,21,21,21,21,152,183.51999999999995
1,1,1,1,1,1,1,1,1,4,19.8
26,26,26,26,26,26,26,26,26,372,621.62
2,2,2,2,2,2,2,2,2,9,32.550000000000004
6,6,6,6,6,6,6,6,6,40,97.84
4,4,4,4,4,4,4,4,4,40,66.0
4,4,4,4,4,4,4,4,4,48,54.52
1,1,1,1,1,1,1,1,1,1,0.55
6,6,6,6,6,6,6,6,6,72,104.4
3,3,3,3,3,3,3,3,3,34,50.7
2,2,2,2,2,2,2,2,2,8,39.6
3,3,3,3,3,3,3,3,3,23,55.150000000000006
1,1,1,1,1,1,1,1,1,24,13.2
2,2,2,2,2,2,2,2,2,14,31.220000000000002
3,3,3,3,3,3,3,3,3,28,73.9
17,17,17,17,17,17,17,17,17,164,361.88
1,1,1,1,1,1,1,1,1,3,14.85
1,1,1,1,1,1,1,1,1,10,16.5
2,2,2,2,2,2,2,2,2,24,40.56
1,1,1,1,1,1,1,1,1,5,24.75
1,1,1,1,1,1,1,1,1,8,13.52
5,5,5,5,5,5,5,5,5,43,83.25
2,2,2,2,2,2,2,2,2,48,40.8
3,3,3,3,3,3,3,3,3,30,62.400000000000006
1,1,1,1,1,1,1,1,1,8,13.52
4,4,4,4,4,4,4,4,4,48,84.00000000000001
2,2,2,2,2,2,2,2,2,28,33.0
1,1,1,1,1,1,1,1,1,12,35.400000000000006
2,2,2,2,2,2,2,2,2,20,46.84
1,1,1,1,1,1,1,1,1,3,14.85
1,1,1,1,1,1,1,1,1,3,5.07
4,4,4,4,4,4,4,4,4,84,74.28
3,3,3,3,3,3,3,3,3,26,76.70000000000002
6,6,6,6,6,6,6,6,6,39,85.85999999999999
1,1,1,1,1,1,1,1,1,20,39.0
3,3,3,3,3,3,3,3,3,8,10.9
16,16,16,16,16,16,16,16,16,153,292.85
4,4,4,4,4,4,4,4,4,24,118.80000000000001
1,1,1,1,1,1,1,1,1,10,20.8
1,1,1,1,1,1,1,1,1,8,13.52
3,3,3,3,3,3,3,3,3,11,10.45
2,2,2,2,2,2,2,2,2,6,26.83
4,4,4,4,4,4,4,4,4,48,91.3
1,1,1,1,1,1,1,1,1,10,20.8
1,1,1,1,1,1,1,1,1,16,27.04
4,4,4,4,4,4,4,4,4,11,16.4
5,5,5,5,5,5,5,5,5,46,117.60000000000001
2,2,2,2,2,2,2,2,2,9,21.59
1,1,1,1,1,1,1,1,1,3,2.55
3,3,3,3,3,3,3,3,3,5,9.17
1,1,1,1,1,1,1,1,1,2,9.9
5,5,5,5,5,5,5,5,5,18,23.2
1,1,1,1,1,1,1,1,1,3,14.85
22,22,22,22,22,22,22,22,22,175,197.63
2,2,2,2,2,2,2,2,2,20,33.0
4,4,4,4,4,4,4,4,4,38,96.39999999999999
1,1,1,1,1,1,1,1,1,6,17.700000000000003
3,3,3,3,3,3,3,3,3,39,38.25
7,7,7,7,7,7,7,7,7,84,119.5
1,1,1,1,1,1,1,1,1,10,19.5
7,7,7,7,7,7,7,7,7,40,148.8
1,1,1,1,1,1,1,1,1,1,2.08
4,4,4,4,4,4,4,4,4,52,91.38
2,2,2,2,2,2,2,2,2,9,13.950000000000001
1,1,1,1,1,1,1,1,1,6,5.1
2,2,2,2,2,2,2,2,2,4,13.8
1,1,1,1,1,1,1,1,1,2,9.9
1,1,1,1,1,1,1,1,1,16,27.04
3,3,3,3,3,3,3,3,3,7,34.65
1,1,1,1,1,1,1,1,1,5,23.25
1,1,1,1,1,1,1,1,1,8,13.52
2,2,2,2,2,2,2,2,2,5,14.750000000000002
4,4,4,4,4,4,4,4,4,18,63.02
1,1,1,1,1,1,1,1,1,16,27.04
1,1,1,1,1,1,1,1,1,10,40.0
8,8,8,8,8,8,8,8,8,61,169.62999999999997
8,8,8,8,8,8,8,8,8,32,74.41
2,2,2,2,2,2,2,2,2,28,62.440000000000005
2,2,2,2,2,2,2,2,2,16,34.2
7,7,7,7,7,7,7,7,7,48,75.0
1,1,1,1,1,1,1,1,1,1,1.65
2,2,2,2,2,2,2,2,2,16,38.5
1,1,1,1,1,1,1,1,1,4,19.8
3,3,3,3,3,3,3,3,3,48,53.760000000000005
1,1,1,1,1,1,1,1,1,1,1.65
4,4,4,4,4,4,4,4,4,38,128.10000000000002
1,1,1,1,1,1,1,1,1,6,17.700000000000003
5,5,5,5,5,5,5,5,5,44,90.1
3,3,3,3,3,3,3,3,3,21,44.870000000000005
1,1,1,1,1,1,1,1,1,10,16.5
6,6,6,6,6,6,6,6,6,16,40.6
1,1,1,1,1,1,1,1,1,4,19.8
1,1,1,1,1,1,1,1,1,1,4.95
1,1,1,1,1,1,1,1,1,1,2.95
9,9,9,9,9,9,9,9,9,28,102.52000000000001
1,1,1,1,1,1,1,1,1,2,9.9
2,2,2,2,2,2,2,2,2,10,37.5
3,3,3,3,3,3,3,3,3,20,38.0
4,4,4,4,4,4,4,4,4,16,45.46
1,1,1,1,1,1,1,1,1,3,14.85
9,9,9,9,9,9,9,9,9,70,230.18
3,3,3,3,3,3,3,3,3,35,67.64999999999999
2,2,2,2,2,2,2,2,2,32,54.08
1,1,1,1,1,1,1,1,1,8,13.52
2,2,2,2,2,2,2,2,2,6,12.5
4,4,4,4,4,4,4,4,4,27,88.65
1,1,1,1,1,1,1,1,1,6,17.700000000000003
3,3,3,3,3,3,3,3,3,28,63.60000000000001
2,2,2,2,2,2,2,2,2,5,8.45
1,1,1,1,1,1,1,1,1,8,13.52
2,2,2,2,2,2,2,2,2,24,40.56
1,1,1,1,1,1,1,1,1,6,29.700000000000003
3,3,3,3,3,3,3,3,3,54,56.1
3,3,3,3,3,3,3,3,3,37,44.55
1,1,1,1,1,1,1,1,1,24,13.2
4,4,4,4,4,4,4,4,4,68,84.67999999999999
3,3,3,3,3,3,3,3,3,20,46.84
1,1,1,1,1,1,1,1,1,16,27.04
6,6,6,6,6,6,6,6,6,17,24.75
1,1,1,1,1,1,1,1,1,2,9.9
7,7,7,7,7,7,7,7,7,22,63.1
1,1,1,1,1,1,1,1,1,8,39.6
1,1,1,1,1,1,1,1,1,24,13.2
5,5,5,5,5,5,5,5,5,9,18.75
5,5,5,5,5,5,5,5,5,52,127.0
2,2,2,2,2,2,2,2,2,20,37.3
2,2,2,2,2,2,2,2,2,12,33.32
1,1,1,1,1,1,1,1,1,3,14.85
10,10,10,10,10,10,10,10,10,29,62.09
5,5,5,5,5,5,5,5,5,100,102.04
9,9,9,9,9,9,9,9,9,58,150.94
4,4,4,4,4,4,4,4,4,43,74.25
2,2,2,2,2,2,2,2,2,7,34.65
1,1,1,1,1,1,1,1,1,3,14.85
12,12,12,12,12,12,12,12,12,176,297.59999999999997
6,6,6,6,6,6,6,6,6,16,46.16
1,1,1,1,1,1,1,1,1,4,19.8
1,1,1,1,1,1,1,1,1,6,17.700000000000003
2,2,2,2,2,2,2,2,2,12,33.32
2,2,2,2,2,2,2,2,2,27,28.049999999999997
1,1,1,1,1,1,1,1,1,8,13.52
3,3,3,3,3,3,3,3,3,60,99.0
1,1,1,1,1,1,1,1,1,2,3.9
1,1,1,1,1,1,1,1,1,3,8.850000000000001
1,1,1,1,1,1,1,1,1,8,13.52
4,4,4,4,4,4,4,4,4,60,99.0
1,1,1,1,1,1,1,1,1,24,13.2
3,3,3,3,3,3,3,3,3,3,12.850000000000001
1,1,1,1,1,1,1,1,1,10,16.5
1,1,1,1,1,1,1,1,1,6,17.700000000000003
1,1,1,1,1,1,1,1,1,4,19.8
1,1,1,1,1,1,1,1,1,6,17.700000000000003
2,2,2,2,2,2,2,2,2,7,17.130000000000003
3,3,3,3,3,3,3,3,3,5,12.100000000000001
8,8,8,8,8,8,8,8,8,54,123.39999999999999
1,1,1,1,1,1,1,1,1,10,20.8
3,3,3,3,3,3,3,3,3,24,94.80000000000001
9,9,9,9,9,9,9,9,9,120,202.79999999999998
1,1,1,1,1,1,1,1,1,3,8.850000000000001
1,1,1,1,1,1,1,1,1,10,16.5
5,5,5,5,5,5,5,5,5,82,63.3
1,1,1,1,1,1,1,1,1,8,13.52
3,3,3,3,3,3,3,3,3,20,46.84
2,2,2,2,2,2,2,2,2,19,41.89
3,3,3,3,3,3,3,3,3,18,53.10000000000001
2,2,2,2,2,2,2,2,2,34,34.0
8,8,8,8,8,8,8,8,8,50,127.25999999999999
1,1,1,1,1,1,1,1,1,8,13.52
15,15,15,15,15,15,15,15,15,103,294.75000000000006
6,6,6,6,6,6,6,6,6,70,96.9
1,1,1,1,1,1,1,1,1,6,29.700000000000003
5,5,5,5,5,5,5,5,5,42,102.3
5,5,5,5,5,5,5,5,5,80,106.24
3,3,3,3,3,3,3,3,3,51,41.25
3,3,3,3,3,3,3,3,3,23,67.85000000000001
4,4,4,4,4,4,4,4,4,20,73.0
3,3,3,3,3,3,3,3,3,15,74.25
2,2,2,2,2,2,2,2,2,11,40.95
5,5,5,5,5,5,5,5,5,48,121.52
1,1,1,1,1,1,1,1,1,8,13.52
3,3,3,3,3,3,3,3,3,22,44.74
2,2,2,2,2,2,2,2,2,48,26.4
5,5,5,5,5,5,5,5,5,30,70.26
2,2,2,2,2,2,2,2,2,30,30.900000000000002
2,2,2,2,2,2,2,2,2,24,40.56
1,1,1,1,1,1,1,1,1,6,17.700000000000003
5,5,5,5,5,5,5,5,5,24,66.64
1,1,1,1,1,1,1,1,1,10,20.8
1,1,1,1,1,1,1,1,1,12,35.400000000000006
2,2,2,2,2,2,2,2,2,9,32.550000000000004
3,3,3,3,3,3,3,3,3,44,53.5
1,1,1,1,1,1,1,1,1,3,14.85
1,1,1,1,1,1,1,1,1,3,14.85
1,1,1,1,1,1,1,1,1,8,13.52
1,1,1,1,1,1,1,1,1,3,14.85
10,10,10,10,10,10,10,10,10,112,194.84
2,2,2,2,2,2,2,2,2,16,34.2
2,2,2,2,2,2,2,2,2,12,33.32
1,1,1,1,1,1,1,1,1,24,13.2
2,2,2,2,2,2,2,2,2,12,59.400000000000006
3,3,3,3,3,3,3,3,3,21,45.19
1,1,1,1,1,1,1,1,1,4,19.8
1,1,1,1,1,1,1,1,1,8,13.52
16,16,16,16,16,16,16,16,16,128,249.64
6,6,6,6,6,6,6,6,6,72,139.94
11,11,11,11,11,11,11,11,11,53,118.93999999999998
1,1,1,1,1,1,1,1,1,10,20.8
1,1,1,1,1,1,1,1,1,10,20.8
5,5,5,5,5,5,5,5,5,51,36.15
25,25,25,25,25,25,25,25,25,238,460.80000000000007
9,9,9,9,9,9,9,9,9,75,159.45000000000002
2,2,2,2,2,2,2,2,2,48,26.4
2,2,2,2,2,2,2,2,2,20,33.0
3,3,3,3,3,3,3,3,3,32,54.08
7,7,7,7,7,7,7,7,7,53,146.03
7,7,7,7,7,7,7,7,7,70,115.5
11,11,11,11,11,11,11,11,11,110,266.40000000000003
1,1,1,1,1,1,1,1,1,10,19.5
4,4,4,4,4,4,4,4,4,64,87.8
1,1,1,1,1,1,1,1,1,24,13.2
3,3,3,3,3,3,3,3,3,34,69.3
2,2,2,2,2,2,2,2,2,28,33.0
1,1,1,1,1,1,1,1,1,8,39.6
1,1,1,1,1,1,1,1,1,24,13.2
2,2,2,2,2,2,2,2,2,6,29.7
1,1,1,1,1,1,1,1,1,6,17.700000000000003
1,1,1,1,1,1,1,1,1,12,35.400000000000006
2,2,2,2,2,2,2,2,2,14,40.6
5,5,5,5,5,5,5,5,5,84,71.39999999999999
1,1,1,1,1,1,1,1,1,2,3.38
2,2,2,2,2,2,2,2,2,24,70.80000000000001
1,1,1,1,1,1,1,1,1,2,3.3
4,4,4,4,4,4,4,4,4,40,66.0
15,15,15,15,15,15,15,15,15,163,237.65
1,1,1,1,1,1,1,1,1,1,4.95
11,11,11,11,11,11,11,11,11,18,45.400000000000006
1,1,1,1,1,1,1,1,1,8,23.6
6,6,6,6,6,6,6,6,6,60,99.0
1,1,1,1,1,1,1,1,1,24,13.2
1,1,1,1,1,1,1,1,1,4,19.8
1,1,1,1,1,1,1,1,1,8,13.52
24,24,24,24,24,24,24,24,24,45,97.92
5,5,5,5,5,5,5,5,5,42,45.2
1,1,1,1,1,1,1,1,1,6,17.700000000000003
3,3,3,3,3,3,3,3,3,30,40.9
2,2,2,2,2,2,2,2,2,13,44.35
5,5,5,5,5,5,5,5,5,12,16.799999999999997
1,1,1,1,1,1,1,1,1,8,13.52
4,4,4,4,4,4,4,4,4,19,24.450000000000003
15,15,15,15,15,15,15,15,15,76,165.14000000000001
14,14,14,14,14,14,14,14,14,164,325.8
44,44,44,44,44,44,44,44,44,179,419.11
1,1,1,1,1,1,1,1,1,1,2.08
1,1,1,1,1,1,1,1,1,1,4.95
2,2,2,2,2,2,2,2,2,3,12.850000000000001
1,1,1,1,1,1,1,1,1,1,0.55
2,2,2,2,2,2,2,2,2,36,23.4
11,11,11,11,11,11,11,11,11,166,168.3
10,10,10,10,10,10,10,10,10,86,239.79999999999998
10,10,10,10,10,10,10,10,10,110,178.8
1,1,1,1,1,1,1,1,1,16,27.04
1,1,1,1,1,1,1,1,1,10,20.8
2,2,2,2,2,2,2,2,2,16,27.04
1,1,1,1,1,1,1,1,1,12,35.400000000000006
2,2,2,2,2,2,2,2,2,20,40.3
1,1,1,1,1,1,1,1,1,2,3.9
2,2,2,2,2,2,2,2,2,24,45.60000000000001
3,3,3,3,3,3,3,3,3,12,59.400000000000006
1,1,1,1,1,1,1,1,1,8,13.52
1,1,1,1,1,1,1,1,1,8,13.52
1,1,1,1,1,1,1,1,1,24,13.2
2,2,2,2,2,2,2,2,2,40,40.239999999999995
53,53,53,53,53,53,53,53,53,280,414.64
3,3,3,3,3,3,3,3,3,18,43.02
2,2,2,2,2,2,2,2,2,8,11.0
1,1,1,1,1,1,1,1,1,1,2.95
1,1,1,1,1,1,1,1,1,12,35.400000000000006
2,2,2,2,2,2,2,2,2,24,20.4
2,2,2,2,2,2,2,2,2,18,53.10000000000001
4,4,4,4,4,4,4,4,4,26,34.5
3,3,3,3,3,3,3,3,3,18,17.4
5,5,5,5,5,5,5,5,5,11,15.48
1,1,1,1,1,1,1,1,1,3,14.85
6,6,6,6,6,6,6,6,6,90,154.5
5,5,5,5,5,5,5,5,5,36,75.96000000000001
17,17,17,17,17,17,17,17,17,146,350.2000000000001
1,1,1,1,1,1,1,1,1,4,19.8
27,27,27,27,27,27,27,27,27,244,525.0200000000001
3,3,3,3,3,3,3,3,3,28,60.36
1,1,1,1,1,1,1,1,1,3,14.85
2,2,2,2,2,2,2,2,2,28,33.0
1,1,1,1,1,1,1,1,1,24,20.4
2,2,2,2,2,2,2,2,2,32,26.72
8,8,8,8,8,8,8,8,8,41,175.95
6,6,6,6,6,6,6,6,6,68,154.5
2,2,2,2,2,2,2,2,2,6,29.7
4,4,4,4,4,4,4,4,4,47,61.05
2,2,2,2,2,2,2,2,2,12,35.400000000000006
6,6,6,6,6,6,6,6,6,37,102.28999999999999
1,1,1,1,1,1,1,1,1,6,17.700000000000003
7,7,7,7,7,7,7,7,7,40,121.83999999999999
3,3,3,3,3,3,3,3,3,36,64.34
3,3,3,3,3,3,3,3,3,33,57.75
1,1,1,1,1,1,1,1,1,2,1.7
6,6,6,6,6,6,6,6,6,76,114.74
1,1,1,1,1,1,1,1,1,8,13.52
4,4,4,4,4,4,4,4,4,32,73.61999999999999
3,3,3,3,3,3,3,3,3,40,66.0
1,1,1,1,1,1,1,1,1,10,16.5
2,2,2,2,2,2,2,2,2,4,6.76
1,1,1,1,1,1,1,1,1,24,13.2
8,8,8,8,8,8,8,8,8,71,140.45
1,1,1,1,1,1,1,1,1,6,17.700000000000003
1,1,1,1,1,1,1,1,1,4,19.8
4,4,4,4,4,4,4,4,4,32,75.7
4,4,4,4,4,4,4,4,4,36,60.6
3,3,3,3,3,3,3,3,3,35,67.65
5,5,5,5,5,5,5,5,5,58,149.78
2,2,2,2,2,2,2,2,2,8,25.599999999999998
2,2,2,2,2,2,2,2,2,6,29.7
2,2,2,2,2,2,2,2,2,30,42.900000000000006
8,8,8,8,8,8,8,8,8,91,173.26999999999998
1,1,1,1,1,1,1,1,1,20,33.0
3,3,3,3,3,3,3,3,3,20,66.0
2,2,2,2,2,2,2,2,2,8,39.6
6,6,6,6,6,6,6,6,6,36,142.20000000000002
2,2,2,2,2,2,2,2,2,27,28.049999999999997
1,1,1,1,1,1,1,1,1,6,17.700000000000003
4,4,4,4,4,4,4,4,4,40,83.2
3,3,3,3,3,3,3,3,3,37,48.849999999999994
11,11,11,11,11,11,11,11,11,120,219.50000000000003
1,1,1,1,1,1,1,1,1,2,5.9
1,1,1,1,1,1,1,1,1,4,19.8
5,5,5,5,5,5,5,5,5,34,116.72
4,4,4,4,4,4,4,4,4,44,53.4
3,3,3,3,3,3,3,3,3,39,38.25
2,2,2,2,2,2,2,2,2,20,37.3
4,4,4,4,4,4,4,4,4,70,111.58
8,8,8,8,8,8,8,8,8,86,149.78
4,4,4,4,4,4,4,4,4,40,74.76
9,9,9,9,9,9,9,9,9,98,133.57999999999998
3,3,3,3,3,3,3,3,3,18,51.019999999999996
2,2,2,2,2,2,2,2,2,20,48.92
2,2,2,2,2,2,2,2,2,20,41.6
2,2,2,2,2,2,2,2,2,18,53.10000000000001
2,2,2,2,2,2,2,2,2,16,27.04
8,8,8,8,8,8,8,8,8,116,172.24
1,1,1,1,1,1,1,1,1,3,14.85
1,1,1,1,1,1,1,1,1,3,8.850000000000001
2,2,2,2,2,2,2,2,2,18,53.10000000000001
1,1,1,1,1,1,1,1,1,4,19.8
8,8,8,8,8,8,8,8,8,94,144.6
1,1,1,1,1,1,1,1,1,16,27.04
4,4,4,4,4,4,4,4,4,18,53.10000000000001
1,1,1,1,1,1,1,1,1,12,35.400000000000006
4,4,4,4,4,4,4,4,4,24,68.72
1,1,1,1,1,1,1,1,1,8,13.52
2,2,2,2,2,2,2,2,2,5,11.55
1,1,1,1,1,1,1,1,1,8,13.52
3,3,3,3,3,3,3,3,3,48,66.0
32,32,32,32,32,32,32,32,32,259,618.75
3,3,3,3,3,3,3,3,3,10,29.500000000000004
1,1,1,1,1,1,1,1,1,1,2.08
5,5,5,5,5,5,5,5,5,54,80.83999999999999
1,1,1,1,1,1,1,1,1,10,16.5
5,5,5,5,5,5,5,5,5,26,63.00000000000001
10,10,10,10,10,10,10,10,10,100,177.3
3,3,3,3,3,3,3,3,3,50,86.8
23,23,23,23,23,23,23,23,23,186,297.54
6,6,6,6,6,6,6,6,6,21,93.95000000000002
3,3,3,3,3,3,3,3,3,19,45.97
2,2,2,2,2,2,2,2,2,24,40.56
5,5,5,5,5,5,5,5,5,60,99.0
2,2,2,2,2,2,2,2,2,13,34.35
1,1,1,1,1,1,1,1,1,16,27.04
6,6,6,6,6,6,6,6,6,60,110.6
3,3,3,3,3,3,3,3,3,8,24.200000000000003
26,26,26,26,26,26,26,26,26,161,361.24000000000007
1,1,1,1,1,1,1,1,1,8,13.52
3,3,3,3,3,3,3,3,3,60,43.8
4,4,4,4,4,4,4,4,4,13,40.61000000000001
2,2,2,2,2,2,2,2,2,12,35.400000000000006
5,5,5,5,5,5,5,5,5,38,82.5
9,9,9,9,9,9,9,9,9,27,60.57
9,9,9,9,9,9,9,9,9,65,165.73000000000002
1,1,1,1,1,1,1,1,1,10,19.5
2,2,2,2,2,2,2,2,2,20,48.92
1,1,1,1,1,1,1,1,1,8,39.6
2,2,2,2,2,2,2,2,2,14,31.220000000000002
13,13,13,13,13,13,13,13,13,31,52.11000000000001
2,2,2,2,2,2,2,2,2,14,37.10000000000001
8,8,8,8,8,8,8,8,8,22,25.76
4,4,4,4,4,4,4,4,4,14,57.82000000000001
6,6,6,6,6,6,6,6,6,26,56.7
2,2,2,2,2,2,2,2,2,4,5.86
30,30,30,30,30,30,30,30,30,84,148.90000000000003
1,1,1,1,1,1,1,1,1,20,39.0
2,2,2,2,2,2,2,2,2,18,36.94
10,10,10,10,10,10,10,10,10,49,129.79000000000002
4,4,4,4,4,4,4,4,4,10,31.590000000000003
2,2,2,2,2,2,2,2,2,48,26.4
2,2,2,2,2,2,2,2,2,10,19.900000000000002
2,2,2,2,2,2,2,2,2,17,31.99
12,12,12,12,12,12,12,12,12,73,136.71
1,1,1,1,1,1,1,1,1,4,19.8
8,8,8,8,8,8,8,8,8,70,136.6
1,1,1,1,1,1,1,1,1,5,14.75
2,2,2,2,2,2,2,2,2,11,40.95
1,1,1,1,1,1,1,1,1,3,2.55
1,1,1,1,1,1,1,1,1,16,27.04
3,3,3,3,3,3,3,3,3,30,53.8
3,3,3,3,3,3,3,3,3,40,67.6
1,1,1,1,1,1,1,1,1,8,13.52
3,3,3,3,3,3,3,3,3,12,15.719999999999999
4,4,4,4,4,4,4,4,4,13,37.050000000000004
1,1,1,1,1,1,1,1,1,16,27.04
15,15,15,15,15,15,15,15,15,41,86.35000000000001
3,3,3,3,3,3,3,3,3,40,43.2
6,6,6,6,6,6,6,6,6,29,57.31
14,14,14,14,14,14,14,14,14,52,148.05999999999997
2,2,2,2,2,2,2,2,2,19,45.97
1,1,1,1,1,1,1,1,1,1,2.08
3,3,3,3,3,3,3,3,3,48,81.12
3,3,3,3,3,3,3,3,3,17,31.35
5,5,5,5,5,5,5,5,5,50,96.19999999999999
1,1,1,1,1,1,1,1,1,16,27.04
1,1,1,1,1,1,1,1,1,12,10.2
4,4,4,4,4,4,4,4,4,9,23.950000000000003
3,3,3,3,3,3,3,3,3,6,15.09
18,18,18,18,18,18,18,18,18,44,117.96
6,6,6,6,6,6,6,6,6,10,23.94
3,3,3,3,3,3,3,3,3,16,47.2
2,2,2,2,2,2,2,2,2,13,35.95
1,1,1,1,1,1,1,1,1,24,13.2
9,9,9,9,9,9,9,9,9,30,71.58
8,8,8,8,8,8,8,8,8,31,108.65
1,1,1,1,1,1,1,1,1,4,19.8
12,12,12,12,12,12,12,12,12,34,104.50000000000001
8,8,8,8,8,8,8,8,8,55,128.32
4,4,4,4,4,4,4,4,4,9,28.950000000000003
1,1,1,1,1,1,1,1,1,12,6.6000000000000005
3,3,3,3,3,3,3,3,3,9,18.91
3,3,3,3,3,3,3,3,3,11,9.35
8,8,8,8,8,8,8,8,8,75,95.1
2,2,2,2,2,2,2,2,2,15,44.25
6,6,6,6,6,6,6,6,6,48,105.92
1,1,1,1,1,1,1,1,1,6,17.700000000000003
17,17,17,17,17,17,17,17,17,62,262.85
4,4,4,4,4,4,4,4,4,42,129.9
1,1,1,1,1,1,1,1,1,12,35.400000000000006
6,6,6,6,6,6,6,6,6,31,65.75
5,5,5,5,5,5,5,5,5,11,47.849999999999994
14,14,14,14,14,14,14,14,14,72,75.89999999999999
4,4,4,4,4,4,4,4,4,21,41.790000000000006
1,1,1,1,1,1,1,1,1,24,13.2
19,19,19,19,19,19,19,19,19,42,85.39999999999999
7,7,7,7,7,7,7,7,7,47,54.65
1,1,1,1,1,1,1,1,1,8,6.8
3,3,3,3,3,3,3,3,3,3,5.38
1,1,1,1,1,1,1,1,1,2,5.9
5,5,5,5,5,5,5,5,5,56,70.72
1,1,1,1,1,1,1,1,1,4,3.4
2,2,2,2,2,2,2,2,2,4,6.6
1,1,1,1,1,1,1,1,1,5,24.75
35,35,35,35,35,35,35,35,35,75,146.25000000000003
1,1,1,1,1,1,1,1,1,12,10.2
3,3,3,3,3,3,3,3,3,24,52.8
1,1,1,1,1,1,1,1,1,10,20.8
1,1,1,1,1,1,1,1,1,4,8.32
1,1,1,1,1,1,1,1,1,10,16.5
1,1,1,1,1,1,1,1,1,24,13.2
4,4,4,4,4,4,4,4,4,68,101.4
1,1,1,1,1,1,1,1,1,12,35.400000000000006
1,1,1,1,1,1,1,1,1,1,4.95
1,1,1,1,1,1,1,1,1,4,19.8
1,1,1,1,1,1,1,1,1,8,13.52
1,1,1,1,1,1,1,1,1,16,27.04
3,3,3,3,3,3,3,3,3,35,68.93
2,2,2,2,2,2,2,2,2,12,59.400000000000006
1,1,1,1,1,1,1,1,1,4,19.8
4,4,4,4,4,4,4,4,4,60,99.0
1,1,1,1,1,1,1,1,1,4,2.2
4,4,4,4,4,4,4,4,4,9,23.51
3,3,3,3,3,3,3,3,3,34,59.98
3,3,3,3,3,3,3,3,3,15,46.25
2,2,2,2,2,2,2,2,2,16,55.2
2,2,2,2,2,2,2,2,2,4,13.8
2,2,2,2,2,2,2,2,2,4,15.4
1,1,1,1,1,1,1,1,1,2,4.16
21,21,21,21,21,21,21,21,21,109,241.99
3,3,3,3,3,3,3,3,3,3,11.55
1,1,1,1,1,1,1,1,1,9,7.649999999999999
2,2,2,2,2,2,2,2,2,9,32.550000000000004
15,15,15,15,15,15,15,15,15,154,236.28000000000003
5,5,5,5,5,5,5,5,5,25,41.45
5,5,5,5,5,5,5,5,5,12,14.700000000000003
2,2,2,2,2,2,2,2,2,48,26.4
3,3,3,3,3,3,3,3,3,11,15.549999999999999
5,5,5,5,5,5,5,5,5,70,99.5
15,15,15,15,15,15,15,15,15,26,56.29999999999999
11,11,11,11,11,11,11,11,11,143,174.57000000000002
1,1,1,1,1,1,1,1,1,3,8.850000000000001
2,2,2,2,2,2,2,2,2,24,40.56
3,3,3,3,3,3,3,3,3,28,40.2
1,1,1,1,1,1,1,1,1,5,14.75
1,1,1,1,1,1,1,1,1,1,4.95
3,3,3,3,3,3,3,3,3,30,53.8
6,6,6,6,6,6,6,6,6,20,38.83
6,6,6,6,6,6,6,6,6,21,55.550000000000004
3,3,3,3,3,3,3,3,3,6,15.18
1,1,1,1,1,1,1,1,1,16,27.04
8,8,8,8,8,8,8,8,8,100,188.60000000000002
2,2,2,2,2,2,2,2,2,12,15.24
18,18,18,18,18,18,18,18,18,76,140.10000000000002
20,20,20,20,20,20,20,20,20,67,127.22999999999999
3,3,3,3,3,3,3,3,3,10,40.6
3,3,3,3,3,3,3,3,3,6,20.9
1,1,1,1,1,1,1,1,1,3,14.85
10,10,10,10,10,10,10,10,10,39,75.15
1,1,1,1,1,1,1,1,1,30,25.5
2,2,2,2,2,2,2,2,2,6,11.400000000000002
9,9,9,9,9,9,9,9,9,20,39.6
2,2,2,2,2,2,2,2,2,5,24.75
2,2,2,2,2,2,2,2,2,12,47.400000000000006
6,6,6,6,6,6,6,6,6,30,146.7
1,1,1,1,1,1,1,1,1,10,20.8
1,1,1,1,1,1,1,1,1,6,17.700000000000003
1,1,1,1,1,1,1,1,1,6,17.700000000000003
1,1,1,1,1,1,1,1,1,24,13.2
1,1,1,1,1,1,1,1,1,10,16.5
2,2,2,2,2,2,2,2,2,9,32.550000000000004
5,5,5,5,5,5,5,5,5,56,81.7
2,2,2,2,2,2,2,2,2,20,37.3
2,2,2,2,2,2,2,2,2,16,27.04
16,16,16,16,16,16,16,16,16,152,357.0
1,1,1,1,1,1,1,1,1,10,16.5
2,2,2,2,2,2,2,2,2,9,44.55
1,1,1,1,1,1,1,1,1,12,10.2
1,1,1,1,1,1,1,1,1,20,33.0
1,1,1,1,1,1,1,1,1,1,4.95
6,6,6,6,6,6,6,6,6,80,153.82
16,16,16,16,16,16,16,16,16,110,193.95999999999998
4,4,4,4,4,4,4,4,4,38,99.94000000000001
3,3,3,3,3,3,3,3,3,12,47.400000000000006
1,1,1,1,1,1,1,1,1,10,20.8
6,6,6,6,6,6,6,6,6,74,95.7
1,1,1,1,1,1,1,1,1,3,14.85
18,18,18,18,18,18,18,18,18,35,69.05000000000001
1,1,1,1,1,1,1,1,1,6,17.700000000000003
5,5,5,5,5,5,5,5,5,42,69.3
18,18,18,18,18,18,18,18,18,73,154.76999999999995
1,1,1,1,1,1,1,1,1,3,14.85
5,5,5,5,5,5,5,5,5,50,100.60000000000001
4,4,4,4,4,4,4,4,4,20,72.91999999999999
1,1,1,1,1,1,1,1,1,1,2.95
7,7,7,7,7,7,7,7,7,72,189.46000000000004
1,1,1,1,1,1,1,1,1,6,29.700000000000003
1,1,1,1,1,1,1,1,1,11,22.880000000000003
7,7,7,7,7,7,7,7,7,132,152.52
6,6,6,6,6,6,6,6,6,56,120.1
5,5,5,5,5,5,5,5,5,26,76.54
4,4,4,4,4,4,4,4,4,50,80.7
4,4,4,4,4,4,4,4,4,96,52.8
1,1,1,1,1,1,1,1,1,12,6.6000000000000005
1,1,1,1,1,1,1,1,1,4,19.8
9,9,9,9,9,9,9,9,9,90,222.10000000000002
6,6,6,6,6,6,6,6,6,50,108.89999999999999
1,1,1,1,1,1,1,1,1,3,14.85
1,1,1,1,1,1,1,1,1,1,4.95
3,3,3,3,3,3,3,3,3,30,58.260000000000005
3,3,3,3,3,3,3,3,3,30,49.5
1,1,1,1,1,1,1,1,1,3,14.85
3,3,3,3,3,3,3,3,3,37,48.85
3,3,3,3,3,3,3,3,3,38,71.78
4,4,4,4,4,4,4,4,4,40,70.3
1,1,1,1,1,1,1,1,1,10,20.8
19,19,19,19,19,19,19,19,19,155,376.05
1,1,1,1,1,1,1,1,1,6,3.3000000000000003
6,6,6,6,6,6,6,6,6,39,78.83
1,1,1,1,1,1,1,1,1,16,27.04
9,9,9,9,9,9,9,9,9,55,74.97999999999998
3,3,3,3,3,3,3,3,3,26,100.0
6,6,6,6,6,6,6,6,6,80,87.64
2,2,2,2,2,2,2,2,2,48,33.599999999999994
1,1,1,1,1,1,1,1,1,8,13.52
3,3,3,3,3,3,3,3,3,37,48.849999999999994
2,2,2,2,2,2,2,2,2,36,48.60000000000001
1,1,1,1,1,1,1,1,1,4,19.8
1,1,1,1,1,1,1,1,1,12,10.2
5,5,5,5,5,5,5,5,5,88,124.24000000000001
2,2,2,2,2,2,2,2,2,27,28.049999999999997
1,1,1,1,1,1,1,1,1,12,35.400000000000006
1,1,1,1,1,1,1,1,1,24,13.2
2,2,2,2,2,2,2,2,2,2,5.03
2,2,2,2,2,2,2,2,2,24,40.56
1,1,1,1,1,1,1,1,1,4,3.4
13,13,13,13,13,13,13,13,13,151,276.55
5,5,5,5,5,5,5,5,5,55,54.05
1,1,1,1,1,1,1,1,1,3,14.85
1,1,1,1,1,1,1,1,1,4,8.32
1,1,1,1,1,1,1,1,1,3,2.55
1,1,1,1,1,1,1,1,1,8,13.52
1,1,1,1,1,1,1,1,1,8,13.52
1,1,1,1,1,1,1,1,1,2,4.16
4,4,4,4,4,4,4,4,4,9,40.05
1,1,1,1,1,1,1,1,1,5,4.25
1,1,1,1,1,1,1,1,1,12,10.2
3,3,3,3,3,3,3,3,3,6,11.4
2,2,2,2,2,2,2,2,2,3,2.75
1,1,1,1,1,1,1,1,1,4,6.76
9,9,9,9,9,9,9,9,9,108,190.96
1,1,1,1,1,1,1,1,1,1,4.95
61,61,61,61,61,61,61,61,61,219,441.2900000000001
1,1,1,1,1,1,1,1,1,4,6.76
1,1,1,1,1,1,1,1,1,10,16.5
4,4,4,4,4,4,4,4,4,24,35.94
3,3,3,3,3,3,3,3,3,4,5.3
1,1,1,1,1,1,1,1,1,5,4.25
2,2,2,2,2,2,2,2,2,4,4.199999999999999
8,8,8,8,8,8,8,8,8,14,38.7
18,18,18,18,18,18,18,18,18,68,148.92999999999998
6,6,6,6,6,6,6,6,6,59,103.49
2,2,2,2,2,2,2,2,2,9,14.37
1,1,1,1,1,1,1,1,1,1,1.65
2,2,2,2,2,2,2,2,2,26,27.14
4,4,4,4,4,4,4,4,4,16,26.4
8,8,8,8,8,8,8,8,8,34,76.78
8,8,8,8,8,8,8,8,8,75,124.55
1,1,1,1,1,1,1,1,1,12,35.400000000000006
2,2,2,2,2,2,2,2,2,3,10.850000000000001
65,65,65,65,65,65,65,65,65,506,780.9
1,1,1,1,1,1,1,1,1,4,6.76
11,11,11,11,11,11,11,11,11,73,261.35
1,1,1,1,1,1,1,1,1,8,13.52
1,1,1,1,1,1,1,1,1,12,10.2
1,1,1,1,1,1,1,1,1,16,27.04
1,1,1,1,1,1,1,1,1,1,0.85
1,1,1,1,1,1,1,1,1,2,5.9
2,2,2,2,2,2,2,2,2,30,49.5
5,5,5,5,5,5,5,5,5,6,7.800000000000001
1,1,1,1,1,1,1,1,1,1,0.85
3,3,3,3,3,3,3,3,3,40,80.6
2,2,2,2,2,2,2,2,2,27,28.049999999999997
2,2,2,2,2,2,2,2,2,11,28.369999999999997
2,2,2,2,2,2,2,2,2,34,29.7
1,1,1,1,1,1,1,1,1,4,19.8
2,2,2,2,2,2,2,2,2,8,39.6
1,1,1,1,1,1,1,1,1,3,14.85
1,1,1,1,1,1,1,1,1,12,10.2
3,3,3,3,3,3,3,3,3,44,36.92
26,26,26,26,26,26,26,26,26,394,526.0
1,1,1,1,1,1,1,1,1,10,16.5
5,5,5,5,5,5,5,5,5,36,106.20000000000002
4,4,4,4,4,4,4,4,4,35,74.85000000000001
2,2,2,2,2,2,2,2,2,22,51.900000000000006
1,1,1,1,1,1,1,1,1,12,10.2
1,1,1,1,1,1,1,1,1,4,19.8
2,2,2,2,2,2,2,2,2,16,27.04
1,1,1,1,1,1,1,1,1,12,10.2
1,1,1,1,1,1,1,1,1,6,17.700000000000003
1,1,1,1,1,1,1,1,1,6,29.700000000000003
1,1,1,1,1,1,1,1,1,3,14.85
1,1,1,1,1,1,1,1,1,8,13.52
1,1,1,1,1,1,1,1,1,6,17.700000000000003
1,1,1,1,1,1,1,1,1,4,19.8
3,3,3,3,3,3,3,3,3,36,30.599999999999998
2,2,2,2,2,2,2,2,2,26,17.36
3,3,3,3,3,3,3,3,3,72,39.599999999999994
1,1,1,1,1,1,1,1,1,24,13.2
7,7,7,7,7,7,7,7,7,84,120.8
1,1,1,1,1,1,1,1,1,8,39.6
2,2,2,2,2,2,2,2,2,7,34.65
2,2,2,2,2,2,2,2,2,20,49.8
1,1,1,1,1,1,1,1,1,8,13.52
2,2,2,2,2,2,2,2,2,48,26.4
5,5,5,5,5,5,5,5,5,27,109.65
3,3,3,3,3,3,3,3,3,42,66.30000000000001
4,4,4,4,4,4,4,4,4,30,88.50000000000001
6,6,6,6,6,6,6,6,6,67,102.64999999999999
1,1,1,1,1,1,1,1,1,12,10.2
2,2,2,2,2,2,2,2,2,9,44.550000000000004
9,9,9,9,9,9,9,9,9,132,147.2
1,1,1,1,1,1,1,1,1,24,13.2
1,1,1,1,1,1,1,1,1,16,27.04
1,1,1,1,1,1,1,1,1,24,13.2
3,3,3,3,3,3,3,3,3,13,52.35000000000001
4,4,4,4,4,4,4,4,4,37,76.21
6,6,6,6,6,6,6,6,6,87,87.77
1,1,1,1,1,1,1,1,1,2,9.9
17,17,17,17,17,17,17,17,17,284,397.92
6,6,6,6,6,6,6,6,6,42,78.53999999999999
1,1,1,1,1,1,1,1,1,10,16.5
5,5,5,5,5,5,5,5,5,62,94.7
3,3,3,3,3,3,3,3,3,17,58.06999999999999
1,1,1,1,1,1,1,1,1,4,11.8
1,1,1,1,1,1,1,1,1,12,35.400000000000006
1,1,1,1,1,1,1,1,1,8,39.6
4,4,4,4,4,4,4,4,4,27,79.99
1,1,1,1,1,1,1,1,1,16,27.04
1,1,1,1,1,1,1,1,1,4,19.8
2,2,2,2,2,2,2,2,2,34,34.0
8,8,8,8,8,8,8,8,8,80,143.6
1,1,1,1,1,1,1,1,1,8,13.52
1,1,1,1,1,1,1,1,1,6,17.700000000000003
3,3,3,3,3,3,3,3,3,44,49.2
3,3,3,3,3,3,3,3,3,18,51.019999999999996
1,1,1,1,1,1,1,1,1,3,14.85
1,1,1,1,1,1,1,1,1,20,33.0
5,5,5,5,5,5,5,5,5,52,136.9
1,1,1,1,1,1,1,1,1,6,17.700000000000003
2,2,2,2,2,2,2,2,2,48,26.4
1,1,1,1,1,1,1,1,1,12,35.400000000000006
1,1,1,1,1,1,1,1,1,3,14.85
1,1,1,1,1,1,1,1,1,3,14.85
1,1,1,1,1,1,1,1,1,6,17.700000000000003
1,1,1,1,1,1,1,1,1,24,13.2
2,2,2,2,2,2,2,2,2,16,37.2
5,5,5,5,5,5,5,5,5,50,84.9
1,1,1,1,1,1,1,1,1,3,14.85
3,3,3,3,3,3,3,3,3,20,46.84
1,1,1,1,1,1,1,1,1,3,14.85
3,3,3,3,3,3,3,3,3,15,50.25000000000001
2,2,2,2,2,2,2,2,2,48,26.4
3,3,3,3,3,3,3,3,3,52,75.64
6,6,6,6,6,6,6,6,6,53,104.64999999999999
1,1,1,1,1,1,1,1,1,6,17.700000000000003
11,11,11,11,11,11,11,11,11,123,252.77
1,1,1,1,1,1,1,1,1,4,19.8
2,2,2,2,2,2,2,2,2,36,48.60000000000001
1,1,1,1,1,1,1,1,1,3,14.85
1,1,1,1,1,1,1,1,1,10,16.5
1,1,1,1,1,1,1,1,1,3,14.85
4,4,4,4,4,4,4,4,4,50,84.9
1,1,1,1,1,1,1,1,1,5,23.25
1,1,1,1,1,1,1,1,1,10,20.8
2,2,2,2,2,2,2,2,2,19,41.89
2,2,2,2,2,2,2,2,2,22,51.900000000000006
10,10,10,10,10,10,10,10,10,49,157.25
2,2,2,2,2,2,2,2,2,6,13.3
3,3,3,3,3,3,3,3,3,35,41.56999999999999
1,1,1,1,1,1,1,1,1,1,4.95
10,10,10,10,10,10,10,10,10,68,207.00000000000003
1,1,1,1,1,1,1,1,1,10,16.5
1,1,1,1,1,1,1,1,1,6,29.700000000000003
1,1,1,1,1,1,1,1,1,24,13.2
2,2,2,2,2,2,2,2,2,24,40.56
2,2,2,2,2,2,2,2,2,16,27.04
7,7,7,7,7,7,7,7,7,59,169.05
1,1,1,1,1,1,1,1,1,16,27.04
5,5,5,5,5,5,5,5,5,66,86.8
1,1,1,1,1,1,1,1,1,3,14.85
4,4,4,4,4,4,4,4,4,40,66.0
1,1,1,1,1,1,1,1,1,12,35.400000000000006
1,1,1,1,1,1,1,1,1,8,13.52
1,1,1,1,1,1,1,1,1,3,14.85
12,12,12,12,12,12,12,12,12,30,43.94999999999999
3,3,3,3,3,3,3,3,3,28,90.60000000000001
1,1,1,1,1,1,1,1,1,10,16.5
1,1,1,1,1,1,1,1,1,4,19.8
2,2,2,2,2,2,2,2,2,5,11.71
1,1,1,1,1,1,1,1,1,16,27.04
1,1,1,1,1,1,1,1,1,12,10.2
2,2,2,2,2,2,2,2,2,24,20.4
5,5,5,5,5,5,5,5,5,11,10.450000000000003
2,2,2,2,2,2,2,2,2,13,17.77
1,1,1,1,1,1,1,1,1,4,19.8
1,1,1,1,1,1,1,1,1,3,14.85
4,4,4,4,4,4,4,4,4,15,19.05
4,4,4,4,4,4,4,4,4,14,40.900000000000006
2,2,2,2,2,2,2,2,2,27,28.049999999999997
17,17,17,17,17,17,17,17,17,59,145.93000000000004
8,8,8,8,8,8,8,8,8,94,164.82
4,4,4,4,4,4,4,4,4,50,83.2
11,11,11,11,11,11,11,11,11,138,283.26
4,4,4,4,4,4,4,4,4,82,63.3
2,2,2,2,2,2,2,2,2,20,33.0
2,2,2,2,2,2,2,2,2,20,48.92
2,2,2,2,2,2,2,2,2,32,74.4
1,1,1,1,1,1,1,1,1,3,14.85
1,1,1,1,1,1,1,1,1,3,14.85
4,4,4,4,4,4,4,4,4,41,98.63
1,1,1,1,1,1,1,1,1,10,16.5
2,2,2,2,2,2,2,2,2,20,59.0
1,1,1,1,1,1,1,1,1,3,5.85
2,2,2,2,2,2,2,2,2,5,18.75
1,1,1,1,1,1,1,1,1,2,5.9
3,3,3,3,3,3,3,3,3,13,37.480000000000004
1,1,1,1,1,1,1,1,1,2,5.9
2,2,2,2,2,2,2,2,2,16,34.2
2,2,2,2,2,2,2,2,2,30,30.900000000000002
3,3,3,3,3,3,3,3,3,30,53.8
2,2,2,2,2,2,2,2,2,20,41.6
7,7,7,7,7,7,7,7,7,56,57.919999999999995
2,2,2,2,2,2,2,2,2,5,8.35
1,1,1,1,1,1,1,1,1,6,17.700000000000003
1,1,1,1,1,1,1,1,1,2,5.9
3,3,3,3,3,3,3,3,3,44,46.2
1,1,1,1,1,1,1,1,1,3,1.65
5,5,5,5,5,5,5,5,5,6,9.399999999999999
1,1,1,1,1,1,1,1,1,1,4.95
3,3,3,3,3,3,3,3,3,10,14.9
3,3,3,3,3,3,3,3,3,23,40.13
2,2,2,2,2,2,2,2,2,13,36.769999999999996
2,2,2,2,2,2,2,2,2,11,28.369999999999997
1,1,1,1,1,1,1,1,1,10,16.5
1,1,1,1,1,1,1,1,1,8,13.52
3,3,3,3,3,3,3,3,3,13,38.35000000000001
4,4,4,4,4,4,4,4,4,7,20.650000000000002
1,1,1,1,1,1,1,1,1,4,6.6
4,4,4,4,4,4,4,4,4,11,24.950000000000003
4,4,4,4,4,4,4,4,4,15,29.87
1,1,1,1,1,1,1,1,1,16,27.04
1,1,1,1,1,1,1,1,1,6,3.3000000000000003
1,1,1,1,1,1,1,1,1,12,35.400000000000006
1,1,1,1,1,1,1,1,1,1,0.55
1,1,1,1,1,1,1,1,1,8,13.52
5,5,5,5,5,5,5,5,5,34,60.83
4,4,4,4,4,4,4,4,4,36,129.0
16,16,16,16,16,16,16,16,16,136,289.52
1,1,1,1,1,1,1,1,1,1,0.85
3,3,3,3,3,3,3,3,3,10,16.5
2,2,2,2,2,2,2,2,2,19,41.89
3,3,3,3,3,3,3,3,3,16,38.5
1,1,1,1,1,1,1,1,1,2,5.9
3,3,3,3,3,3,3,3,3,48,33.599999999999994
9,9,9,9,9,9,9,9,9,53,80.85
4,4,4,4,4,4,4,4,4,26,38.099999999999994
1,1,1,1,1,1,1,1,1,4,11.8
1,1,1,1,1,1,1,1,1,7,34.65
2,2,2,2,2,2,2,2,2,3,2.25
3,3,3,3,3,3,3,3,3,16,40.46
14,14,14,14,14,14,14,14,14,62,95.22000000000001
3,3,3,3,3,3,3,3,3,20,59.00000000000001
3,3,3,3,3,3,3,3,3,16,50.5
4,4,4,4,4,4,4,4,4,8,39.6
1,1,1,1,1,1,1,1,1,1,4.95
1,1,1,1,1,1,1,1,1,4,19.8
1,1,1,1,1,1,1,1,1,1,2.08
7,7,7,7,7,7,7,7,7,98,108.9
1,1,1,1,1,1,1,1,1,8,13.52
10,10,10,10,10,10,10,10,10,46,114.2
1,1,1,1,1,1,1,1,1,4,6.6
25,25,25,25,25,25,25,25,25,65,129.89000000000001
2,2,2,2,2,2,2,2,2,10,23.1
6,6,6,6,6,6,6,6,6,56,122.80000000000001
1,1,1,1,1,1,1,1,1,1,2.08
2,2,2,2,2,2,2,2,2,9,21.450000000000003
2,2,2,2,2,2,2,2,2,8,15.0
3,3,3,3,3,3,3,3,3,10,29.939999999999998
3,3,3,3,3,3,3,3,3,7,10.57
1,1,1,1,1,1,1,1,1,2,5.9
4,4,4,4,4,4,4,4,4,16,32.620000000000005
2,2,2,2,2,2,2,2,2,34,34.0
4,4,4,4,4,4,4,4,4,20,38.480000000000004
2,2,2,2,2,2,2,2,2,7,34.65
1,1,1,1,1,1,1,1,1,6,17.700000000000003
1,1,1,1,1,1,1,1,1,24,13.2
2,2,2,2,2,2,2,2,2,34,29.7
2,2,2,2,2,2,2,2,2,16,38.5
3,3,3,3,3,3,3,3,3,43,55.089999999999996
9,9,9,9,9,9,9,9,9,105,209.91000000000003
1,1,1,1,1,1,1,1,1,6,17.700000000000003
1,1,1,1,1,1,1,1,1,3,14.85
1,1,1,1,1,1,1,1,1,3,14.85
1,1,1,1,1,1,1,1,1,4,19.8
2,2,2,2,2,2,2,2,2,18,34.32
22,22,22,22,22,22,22,22,22,241,448.27000000000004
3,3,3,3,3,3,3,3,3,48,53.760000000000005
4,4,4,4,4,4,4,4,4,58,70.25999999999999
3,3,3,3,3,3,3,3,3,24,57.1
1,1,1,1,1,1,1,1,1,4,19.8
3,3,3,3,3,3,3,3,3,24,70.80000000000001
2,2,2,2,2,2,2,2,2,22,36.3
7,7,7,7,7,7,7,7,7,84,190.20000000000005
3,3,3,3,3,3,3,3,3,17,72.15
9,9,9,9,9,9,9,9,9,67,140.57
12,12,12,12,12,12,12,12,12,190,211.60000000000002
1,1,1,1,1,1,1,1,1,3,14.85
2,2,2,2,2,2,2,2,2,11,54.45
6,6,6,6,6,6,6,6,6,13,19.25
1,1,1,1,1,1,1,1,1,12,35.400000000000006
1,1,1,1,1,1,1,1,1,6,17.700000000000003
1,1,1,1,1,1,1,1,1,6,29.700000000000003
1,1,1,1,1,1,1,1,1,2,9.9
1,1,1,1,1,1,1,1,1,4,19.8
1,1,1,1,1,1,1,1,1,3,14.85
1,1,1,1,1,1,1,1,1,4,19.8
1,1,1,1,1,1,1,1,1,10,20.8
9,9,9,9,9,9,9,9,9,117,197.47
1,1,1,1,1,1,1,1,1,24,13.2
5,5,5,5,5,5,5,5,5,91,70.15
11,11,11,11,11,11,11,11,11,81,242.55
3,3,3,3,3,3,3,3,3,16,55.2
4,4,4,4,4,4,4,4,4,48,91.20000000000002
1,1,1,1,1,1,1,1,1,3,14.85
4,4,4,4,4,4,4,4,4,44,89.47999999999999
6,6,6,6,6,6,6,6,6,77,99.25
1,1,1,1,1,1,1,1,1,6,17.700000000000003
1,1,1,1,1,1,1,1,1,16,27.04
7,7,7,7,7,7,7,7,7,43,131.19
1,1,1,1,1,1,1,1,1,1,4.95
4,4,4,4,4,4,4,4,4,7,28.049999999999997
5,5,5,5,5,5,5,5,5,46,163.54
1,1,1,1,1,1,1,1,1,6,17.700000000000003
5,5,5,5,5,5,5,5,5,12,8.700000000000001
7,7,7,7,7,7,7,7,7,41,124.95000000000002
1,1,1,1,1,1,1,1,1,4,19.8
1,1,1,1,1,1,1,1,1,10,20.8
1,1,1,1,1,1,1,1,1,12,35.400000000000006
7,7,7,7,7,7,7,7,7,68,154.20000000000002
2,2,2,2,2,2,2,2,2,16,55.2
52,52,52,52,52,52,52,52,52,279,619.8900000000001
2,2,2,2,2,2,2,2,2,5,12.23
1,1,1,1,1,1,1,1,1,4,3.4
1,1,1,1,1,1,1,1,1,6,17.700000000000003
17,17,17,17,17,17,17,17,17,239,324.25
2,2,2,2,2,2,2,2,2,13,31.35
2,2,2,2,2,2,2,2,2,30,59.8
5,5,5,5,5,5,5,5,5,44,85.8
4,4,4,4,4,4,4,4,4,96,52.8
4,4,4,4,4,4,4,4,4,7,30.25
1,1,1,1,1,1,1,1,1,8,13.52
5,5,5,5,5,5,5,5,5,13,22.74
4,4,4,4,4,4,4,4,4,26,54.1
14,14,14,14,14,14,14,14,14,62,111.93000000000002
6,6,6,6,6,6,6,6,6,63,106.85
2,2,2,2,2,2,2,2,2,2,7.03
2,2,2,2,2,2,2,2,2,20,46.84
2,2,2,2,2,2,2,2,2,13,31.35
6,6,6,6,6,6,6,6,6,50,83.1
1,1,1,1,1,1,1,1,1,4,11.8
1,1,1,1,1,1,1,1,1,6,17.700000000000003
1,1,1,1,1,1,1,1,1,8,13.52
1,1,1,1,1,1,1,1,1,24,13.2
1,1,1,1,1,1,1,1,1,8,13.52
1,1,1,1,1,1,1,1,1,8,13.52
3,3,3,3,3,3,3,3,3,40,66.0
5,5,5,5,5,5,5,5,5,88,106.24
5,5,5,5,5,5,5,5,5,44,93.1
1,1,1,1,1,1,1,1,1,4,19.8
4,4,4,4,4,4,4,4,4,30,88.50000000000001
3,3,3,3,3,3,3,3,3,35,61.65
3,3,3,3,3,3,3,3,3,7,30.65
1,1,1,1,1,1,1,1,1,3,14.85
7,7,7,7,7,7,7,7,7,80,135.2
13,13,13,13,13,13,13,13,13,111,236.97000000000003
1,1,1,1,1,1,1,1,1,12,35.400000000000006
5,5,5,5,5,5,5,5,5,65,129.75
4,4,4,4,4,4,4,4,4,54,62.7
3,3,3,3,3,3,3,3,3,17,58.06999999999999
3,3,3,3,3,3,3,3,3,22,25.419999999999998
2,2,2,2,2,2,2,2,2,48,26.4
1,1,1,1,1,1,1,1,1,10,16.5
1,1,1,1,1,1,1,1,1,24,13.2
6,6,6,6,6,6,6,6,6,21,103.94999999999999
2,2,2,2,2,2,2,2,2,2,3.3
4,4,4,4,4,4,4,4,4,17,56.25
2,2,2,2,2,2,2,2,2,20,39.0
1,1,1,1,1,1,1,1,1,8,13.52
4,4,4,4,4,4,4,4,4,46,76.53999999999999
4,4,4,4,4,4,4,4,4,23,64.65
1,1,1,1,1,1,1,1,1,3,14.85
5,5,5,5,5,5,5,5,5,82,143.17999999999998
1,1,1,1,1,1,1,1,1,16,27.04
1,1,1,1,1,1,1,1,1,1,1.65
5,5,5,5,5,5,5,5,5,18,49.74000000000001
3,3,3,3,3,3,3,3,3,15,74.25
2,2,2,2,2,2,2,2,2,12,15.719999999999999
4,4,4,4,4,4,4,4,4,12,49.4
25,25,25,25,25,25,25,25,25,201,257.25
4,4,4,4,4,4,4,4,4,8,24.300000000000004
6,6,6,6,6,6,6,6,6,61,109.60999999999999
3,3,3,3,3,3,3,3,3,5,20.35
1,1,1,1,1,1,1,1,1,1,0.85
3,3,3,3,3,3,3,3,3,6,8.299999999999999
1,1,1,1,1,1,1,1,1,5,4.25
1,1,1,1,1,1,1,1,1,8,13.52
1,1,1,1,1,1,1,1,1,8,13.52
1,1,1,1,1,1,1,1,1,10,8.5
2,2,2,2,2,2,2,2,2,4,2.5
2,2,2,2,2,2,2,2,2,19,38.22
1,1,1,1,1,1,1,1,1,2,1.7
1,1,1,1,1,1,1,1,1,24,13.2
6,6,6,6,6,6,6,6,6,11,14.719999999999999
3,3,3,3,3,3,3,3,3,10,8.5
2,2,2,2,2,2,2,2,2,3,4.949999999999999
1,1,1,1,1,1,1,1,1,1,4.95
1,1,1,1,1,1,1,1,1,2,9.9
4,4,4,4,4,4,4,4,4,18,19.4
2,2,2,2,2,2,2,2,2,14,36.3
3,3,3,3,3,3,3,3,3,36,72.6
7,7,7,7,7,7,7,7,7,66,111.94
1,1,1,1,1,1,1,1,1,6,17.700000000000003
4,4,4,4,4,4,4,4,4,48,40.8
5,5,5,5,5,5,5,5,5,37,95.36999999999999
2,2,2,2,2,2,2,2,2,13,38.269999999999996
4,4,4,4,4,4,4,4,4,22,42.129999999999995
6,6,6,6,6,6,6,6,6,56,94.63999999999999
10,10,10,10,10,10,10,10,10,109,258.78999999999996
2,2,2,2,2,2,2,2,2,12,20.04
1,1,1,1,1,1,1,1,1,8,13.52
4,4,4,4,4,4,4,4,4,28,68.52000000000001
1,1,1,1,1,1,1,1,1,2,3.3
1,1,1,1,1,1,1,1,1,10,16.5
1,1,1,1,1,1,1,1,1,10,20.8
4,4,4,4,4,4,4,4,4,36,73.88
2,2,2,2,2,2,2,2,2,16,30.0
4,4,4,4,4,4,4,4,4,7,11.55
2,2,2,2,2,2,2,2,2,30,42.900000000000006
4,4,4,4,4,4,4,4,4,96,52.8
2,2,2,2,2,2,2,2,2,16,27.04
7,7,7,7,7,7,7,7,7,29,68.27
1,1,1,1,1,1,1,1,1,8,13.52
4,4,4,4,4,4,4,4,4,8,7.3
2,2,2,2,2,2,2,2,2,22,26.7
1,1,1,1,1,1,1,1,1,8,13.52
11,11,11,11,11,11,11,11,11,71,97.11
1,1,1,1,1,1,1,1,1,2,9.9
10,10,10,10,10,10,10,10,10,39,75.41
1,1,1,1,1,1,1,1,1,1,4.95
3,3,3,3,3,3,3,3,3,3,6.25
14,14,14,14,14,14,14,14,14,42,106.68999999999998
4,4,4,4,4,4,4,4,4,40,87.6
1,1,1,1,1,1,1,1,1,2,3.3
5,5,5,5,5,5,5,5,5,22,63.6
2,2,2,2,2,2,2,2,2,7,28.650000000000002
3,3,3,3,3,3,3,3,3,7,15.450000000000003
7,7,7,7,7,7,7,7,7,23,40.55
10,10,10,10,10,10,10,10,10,32,67.94
1,1,1,1,1,1,1,1,1,4,3.4
4,4,4,4,4,4,4,4,4,32,106.24000000000001
1,1,1,1,1,1,1,1,1,3,14.85
1,1,1,1,1,1,1,1,1,1,0.55
6,6,6,6,6,6,6,6,6,16,31.18
1,1,1,1,1,1,1,1,1,2,1.1
1,1,1,1,1,1,1,1,1,24,13.2
2,2,2,2,2,2,2,2,2,10,46.5
2,2,2,2,2,2,2,2,2,5,3.95
20,20,20,20,20,20,20,20,20,89,297.50999999999993
1,1,1,1,1,1,1,1,1,3,14.85
2,2,2,2,2,2,2,2,2,22,51.900000000000006
1,1,1,1,1,1,1,1,1,12,35.400000000000006
5,5,5,5,5,5,5,5,5,50,117.34
1,1,1,1,1,1,1,1,1,6,17.700000000000003
2,2,2,2,2,2,2,2,2,6,29.7
11,11,11,11,11,11,11,11,11,28,48.769999999999996
3,3,3,3,3,3,3,3,3,23,52.15
1,1,1,1,1,1,1,1,1,1,4.95
1,1,1,1,1,1,1,1,1,4,19.8
5,5,5,5,5,5,5,5,5,28,85.9
6,6,6,6,6,6,6,6,6,17,64.15
2,2,2,2,2,2,2,2,2,28,33.0
4,4,4,4,4,4,4,4,4,12,27.200000000000003
1,1,1,1,1,1,1,1,1,10,20.8
2,2,2,2,2,2,2,2,2,16,38.5
4,4,4,4,4,4,4,4,4,38,38.9
1,1,1,1,1,1,1,1,1,6,29.700000000000003
8,8,8,8,8,8,8,8,8,61,146.76000000000002
2,2,2,2,2,2,2,2,2,11,32.45
4,4,4,4,4,4,4,4,4,50,92.8
2,2,2,2,2,2,2,2,2,8,39.6
1,1,1,1,1,1,1,1,1,24,13.2
3,3,3,3,3,3,3,3,3,36,46.519999999999996
1,1,1,1,1,1,1,1,1,10,20.8
4,4,4,4,4,4,4,4,4,48,70.3
1,1,1,1,1,1,1,1,1,12,35.400000000000006
1,1,1,1,1,1,1,1,1,6,29.700000000000003
1,1,1,1,1,1,1,1,1,12,10.2
2,2,2,2,2,2,2,2,2,4,11.0
1,1,1,1,1,1,1,1,1,1,0.55
1,1,1,1,1,1,1,1,1,3,14.85
19,19,19,19,19,19,19,19,19,93,129.46
1,1,1,1,1,1,1,1,1,8,13.52
2,2,2,2,2,2,2,2,2,7,24.65
10,10,10,10,10,10,10,10,10,44,90.39
2,2,2,2,2,2,2,2,2,22,54.900000000000006
1,1,1,1,1,1,1,1,1,4,19.8
2,2,2,2,2,2,2,2,2,48,26.4
1,1,1,1,1,1,1,1,1,4,19.8
2,2,2,2,2,2,2,2,2,24,40.56
1,1,1,1,1,1,1,1,1,3,14.85
1,1,1,1,1,1,1,1,1,12,35.400000000000006
1,1,1,1,1,1,1,1,1,4,19.8
7,7,7,7,7,7,7,7,7,32,125.39999999999999
17,17,17,17,17,17,17,17,17,147,296.85
3,3,3,3,3,3,3,3,3,28,60.36
2,2,2,2,2,2,2,2,2,16,38.5
9,9,9,9,9,9,9,9,9,63,148.45
8,8,8,8,8,8,8,8,8,96,211.2
5,5,5,5,5,5,5,5,5,31,124.75
2,2,2,2,2,2,2,2,2,12,33.32
16,16,16,16,16,16,16,16,16,103,187.1
2,2,2,2,2,2,2,2,2,20,37.3
7,7,7,7,7,7,7,7,7,45,144.51000000000002
4,4,4,4,4,4,4,4,4,20,70.3
3,3,3,3,3,3,3,3,3,28,72.6
3,3,3,3,3,3,3,3,3,30,88.50000000000001
3,3,3,3,3,3,3,3,3,50,85.5
1,1,1,1,1,1,1,1,1,4,19.8
1,1,1,1,1,1,1,1,1,16,27.04
7,7,7,7,7,7,7,7,7,62,103.98
11,11,11,11,11,11,11,11,11,120,256.38
3,3,3,3,3,3,3,3,3,28,50.82
2,2,2,2,2,2,2,2,2,28,62.440000000000005
6,6,6,6,6,6,6,6,6,39,72.41999999999999
8,8,8,8,8,8,8,8,8,92,157.38
1,1,1,1,1,1,1,1,1,5,23.25
6,6,6,6,6,6,6,6,6,21,28.799999999999997
2,2,2,2,2,2,2,2,2,4,11.8
2,2,2,2,2,2,2,2,2,10,33.5
2,2,2,2,2,2,2,2,2,12,47.400000000000006
1,1,1,1,1,1,1,1,1,6,29.700000000000003
2,2,2,2,2,2,2,2,2,15,41.25
2,2,2,2,2,2,2,2,2,27,28.049999999999997
2,2,2,2,2,2,2,2,2,20,46.84
1,1,1,1,1,1,1,1,1,3,14.85
6,6,6,6,6,6,6,6,6,94,133.0
2,2,2,2,2,2,2,2,2,7,20.65
4,4,4,4,4,4,4,4,4,9,24.85
4,4,4,4,4,4,4,4,4,7,21.250000000000004
1,1,1,1,1,1,1,1,1,10,16.5
3,3,3,3,3,3,3,3,3,28,69.60000000000001
6,6,6,6,6,6,6,6,6,55,131.93
4,4,4,4,4,4,4,4,4,27,55.41
4,4,4,4,4,4,4,4,4,22,68.2
34,34,34,34,34,34,34,34,34,52,139.92000000000004
21,21,21,21,21,21,21,21,21,198,374.24000000000007
2,2,2,2,2,2,2,2,2,4,19.8
3,3,3,3,3,3,3,3,3,20,46.84
3,3,3,3,3,3,3,3,3,38,70.5
1,1,1,1,1,1,1,1,1,16,27.04
10,10,10,10,10,10,10,10,10,129,116.15
3,3,3,3,3,3,3,3,3,35,67.64999999999999
2,2,2,2,2,2,2,2,2,20,41.6
5,5,5,5,5,5,5,5,5,20,42.84
7,7,7,7,7,7,7,7,7,128,141.6
1,1,1,1,1,1,1,1,1,8,13.52
4,4,4,4,4,4,4,4,4,48,56.72
7,7,7,7,7,7,7,7,7,62,131.5
1,1,1,1,1,1,1,1,1,10,20.8
1,1,1,1,1,1,1,1,1,3,14.85
4,4,4,4,4,4,4,4,4,42,78.54
2,2,2,2,2,2,2,2,2,30,49.5
1,1,1,1,1,1,1,1,1,10,29.5
4,4,4,4,4,4,4,4,4,74,62.9
4,4,4,4,4,4,4,4,4,24,68.72
1,1,1,1,1,1,1,1,1,24,13.2
1,1,1,1,1,1,1,1,1,3,14.85
1,1,1,1,1,1,1,1,1,8,13.52
3,3,3,3,3,3,3,3,3,50,82.5
1,1,1,1,1,1,1,1,1,8,13.52
1,1,1,1,1,1,1,1,1,8,13.52
1,1,1,1,1,1,1,1,1,8,13.52
11,11,11,11,11,11,11,11,11,104,230.60000000000002
2,2,2,2,2,2,2,2,2,6,29.7
3,3,3,3,3,3,3,3,3,5,14.75
2,2,2,2,2,2,2,2,2,16,27.04
4,4,4,4,4,4,4,4,4,6,19.8
12,12,12,12,12,12,12,12,12,114,190.22
1,1,1,1,1,1,1,1,1,1,0.85
1,1,1,1,1,1,1,1,1,1,0.55
5,5,5,5,5,5,5,5,5,64,79.2
2,2,2,2,2,2,2,2,2,9,15.209999999999999
2,2,2,2,2,2,2,2,2,3,2.55
2,2,2,2,2,2,2,2,2,16,38.5
3,3,3,3,3,3,3,3,3,36,72.60000000000001
1,1,1,1,1,1,1,1,1,16,13.6
2,2,2,2,2,2,2,2,2,12,59.400000000000006
1,1,1,1,1,1,1,1,1,10,16.5
1,1,1,1,1,1,1,1,1,16,27.04
19,19,19,19,19,19,19,19,19,95,121.57000000000001
2,2,2,2,2,2,2,2,2,11,15.5
1,1,1,1,1,1,1,1,1,16,13.6
1,1,1,1,1,1,1,1,1,12,35.400000000000006
4,4,4,4,4,4,4,4,4,21,56.93000000000001
1,1,1,1,1,1,1,1,1,16,27.04
3,3,3,3,3,3,3,3,3,56,66.0
15,15,15,15,15,15,15,15,15,48,83.27000000000001
4,4,4,4,4,4,4,4,4,18,32.54
3,3,3,3,3,3,3,3,3,7,8.65
1,1,1,1,1,1,1,1,1,16,27.04
4,4,4,4,4,4,4,4,4,10,26.9
1,1,1,1,1,1,1,1,1,4,3.4
4,4,4,4,4,4,4,4,4,9,13.47
3,3,3,3,3,3,3,3,3,28,25.400000000000002
14,14,14,14,14,14,14,14,14,54,97.44
5,5,5,5,5,5,5,5,5,9,11.55
3,3,3,3,3,3,3,3,3,19,44.849999999999994
4,4,4,4,4,4,4,4,4,8,18.4
12,12,12,12,12,12,12,12,12,150,247.5
1,1,1,1,1,1,1,1,1,4,19.8
1,1,1,1,1,1,1,1,1,10,19.5
1,1,1,1,1,1,1,1,1,6,17.700000000000003
2,2,2,2,2,2,2,2,2,8,8.9
8,8,8,8,8,8,8,8,8,39,82.41
7,7,7,7,7,7,7,7,7,45,70.83000000000001
1,1,1,1,1,1,1,1,1,3,1.65
4,4,4,4,4,4,4,4,4,10,22.999999999999996
4,4,4,4,4,4,4,4,4,23,39.65
5,5,5,5,5,5,5,5,5,32,73.64
1,1,1,1,1,1,1,1,1,24,13.2
10,10,10,10,10,10,10,10,10,30,50.790000000000006
1,1,1,1,1,1,1,1,1,12,20.28
5,5,5,5,5,5,5,5,5,38,62.54
3,3,3,3,3,3,3,3,3,11,54.45
2,2,2,2,2,2,2,2,2,2,5.9
11,11,11,11,11,11,11,11,11,89,138.47
4,4,4,4,4,4,4,4,4,7,9.4
11,11,11,11,11,11,11,11,11,116,127.80000000000001
1,1,1,1,1,1,1,1,1,1,0.55
1,1,1,1,1,1,1,1,1,12,35.400000000000006
1,1,1,1,1,1,1,1,1,16,27.04
4,4,4,4,4,4,4,4,4,19,41.269999999999996
2,2,2,2,2,2,2,2,2,22,44.74
30,30,30,30,30,30,30,30,30,265,575.45
2,2,2,2,2,2,2,2,2,25,18.15
4,4,4,4,4,4,4,4,4,7,6.48
9,9,9,9,9,9,9,9,9,72,211.10000000000002
4,4,4,4,4,4,4,4,4,4,7.23
1,1,1,1,1,1,1,1,1,3,14.85
9,9,9,9,9,9,9,9,9,20,42.95
4,4,4,4,4,4,4,4,4,20,75.0
15,15,15,15,15,15,15,15,15,116,287.5
1,1,1,1,1,1,1,1,1,10,8.5
1,1,1,1,1,1,1,1,1,4,19.8
2,2,2,2,2,2,2,2,2,20,33.0
2,2,2,2,2,2,2,2,2,12,41.4
2,2,2,2,2,2,2,2,2,48,26.4
2,2,2,2,2,2,2,2,2,4,11.8
1,1,1,1,1,1,1,1,1,3,14.85
1,1,1,1,1,1,1,1,1,8,39.6
1,1,1,1,1,1,1,1,1,12,10.2
2,2,2,2,2,2,2,2,2,20,33.0
1,1,1,1,1,1,1,1,1,2,1.1
2,2,2,2,2,2,2,2,2,10,49.5
1,1,1,1,1,1,1,1,1,24,13.2
3,3,3,3,3,3,3,3,3,40,67.6
1,1,1,1,1,1,1,1,1,5,14.75
5,5,5,5,5,5,5,5,5,28,49.03
6,6,6,6,6,6,6,6,6,90,151.5
4,4,4,4,4,4,4,4,4,27,102.15
1,1,1,1,1,1,1,1,1,6,17.700000000000003
1,1,1,1,1,1,1,1,1,10,29.5
2,2,2,2,2,2,2,2,2,6,17.700000000000003
1,1,1,1,1,1,1,1,1,3,14.85
20,20,20,20,20,20,20,20,20,61,159.51
9,9,9,9,9,9,9,9,9,111,148.14999999999998
2,2,2,2,2,2,2,2,2,22,44.74
2,2,2,2,2,2,2,2,2,12,33.32
11,11,11,11,11,11,11,11,11,104,215.43999999999997
23,23,23,23,23,23,23,23,23,136,429.60000000000014
1,1,1,1,1,1,1,1,1,24,13.2
3,3,3,3,3,3,3,3,3,12,59.400000000000006
4,4,4,4,4,4,4,4,4,27,97.65
3,3,3,3,3,3,3,3,3,12,47.400000000000006
1,1,1,1,1,1,1,1,1,4,19.8
2,2,2,2,2,2,2,2,2,12,35.400000000000006
10,10,10,10,10,10,10,10,10,196,177.0
2,2,2,2,2,2,2,2,2,4,9.2
1,1,1,1,1,1,1,1,1,8,13.52
1,1,1,1,1,1,1,1,1,6,17.700000000000003
12,12,12,12,12,12,12,12,12,122,264.5
1,1,1,1,1,1,1,1,1,6,17.700000000000003
7,7,7,7,7,7,7,7,7,54,131.9
1,1,1,1,1,1,1,1,1,12,35.400000000000006
1,1,1,1,1,1,1,1,1,8,39.6
1,1,1,1,1,1,1,1,1,12,35.400000000000006
1,1,1,1,1,1,1,1,1,10,19.5
1,1,1,1,1,1,1,1,1,6,17.700000000000003
3,3,3,3,3,3,3,3,3,15,39.47
3,3,3,3,3,3,3,3,3,19,52.050000000000004
5,5,5,5,5,5,5,5,5,64,87.8
5,5,5,5,5,5,5,5,5,50,86.8
1,1,1,1,1,1,1,1,1,1,4.95
2,2,2,2,2,2,2,2,2,10,49.5
3,3,3,3,3,3,3,3,3,30,88.50000000000001
1,1,1,1,1,1,1,1,1,16,27.04
1,1,1,1,1,1,1,1,1,10,16.5
4,4,4,4,4,4,4,4,4,43,58.05
3,3,3,3,3,3,3,3,3,18,18.700000000000003
2,2,2,2,2,2,2,2,2,2,1.1
1,1,1,1,1,1,1,1,1,10,16.5
4,4,4,4,4,4,4,4,4,17,28.67
13,13,13,13,13,13,13,13,13,79,230.35
1,1,1,1,1,1,1,1,1,4,6.76
1,1,1,1,1,1,1,1,1,3,14.85
2,2,2,2,2,2,2,2,2,12,59.400000000000006
1,1,1,1,1,1,1,1,1,20,33.0
3,3,3,3,3,3,3,3,3,5,7.449999999999999
2,2,2,2,2,2,2,2,2,7,15.09
23,23,23,23,23,23,23,23,23,248,479.5
1,1,1,1,1,1,1,1,1,10,16.5
2,2,2,2,2,2,2,2,2,9,18.47
2,2,2,2,2,2,2,2,2,19,41.89
8,8,8,8,8,8,8,8,8,35,46.45
11,11,11,11,11,11,11,11,11,30,56.1
11,11,11,11,11,11,11,11,11,39,69.38999999999997
3,3,3,3,3,3,3,3,3,18,51.019999999999996
6,6,6,6,6,6,6,6,6,44,120.60000000000001
6,6,6,6,6,6,6,6,6,26,76.70000000000002
11,11,11,11,11,11,11,11,11,120,202.3
1,1,1,1,1,1,1,1,1,1,1.95
2,2,2,2,2,2,2,2,2,3,6.45
1,1,1,1,1,1,1,1,1,6,17.700000000000003
47,47,47,47,47,47,47,47,47,317,678.9099999999997
3,3,3,3,3,3,3,3,3,33,57.75
5,5,5,5,5,5,5,5,5,44,112.94
2,2,2,2,2,2,2,2,2,36,19.8
5,5,5,5,5,5,5,5,5,20,27.42
15,15,15,15,15,15,15,15,15,133,206.3
12,12,12,12,12,12,12,12,12,122,229.40000000000003
1,1,1,1,1,1,1,1,1,4,19.8
6,6,6,6,6,6,6,6,6,70,130.1
9,9,9,9,9,9,9,9,9,52,135.56
1,1,1,1,1,1,1,1,1,6,17.700000000000003
1,1,1,1,1,1,1,1,1,8,39.6
3,3,3,3,3,3,3,3,3,19,51.47
1,1,1,1,1,1,1,1,1,24,13.2
29,29,29,29,29,29,29,29,29,60,158.99000000000007
2,2,2,2,2,2,2,2,2,12,59.400000000000006
7,7,7,7,7,7,7,7,7,61,100.65
2,2,2,2,2,2,2,2,2,5,14.750000000000002
4,4,4,4,4,4,4,4,4,12,39.400000000000006
4,4,4,4,4,4,4,4,4,23,67.85000000000001
5,5,5,5,5,5,5,5,5,21,65.95
1,1,1,1,1,1,1,1,1,5,14.75
3,3,3,3,3,3,3,3,3,15,74.25
7,7,7,7,7,7,7,7,7,26,100.69999999999999
1,1,1,1,1,1,1,1,1,1,4.95
3,3,3,3,3,3,3,3,3,8,21.0
16,16,16,16,16,16,16,16,16,242,250.2
3,3,3,3,3,3,3,3,3,12,25.32
16,16,16,16,16,16,16,16,16,103,245.95000000000002
5,5,5,5,5,5,5,5,5,19,60.75
2,2,2,2,2,2,2,2,2,18,30.02
16,16,16,16,16,16,16,16,16,47,88.71000000000002
1,1,1,1,1,1,1,1,1,3,8.850000000000001
16,16,16,16,16,16,16,16,16,47,113.85
1,1,1,1,1,1,1,1,1,3,14.85
1,1,1,1,1,1,1,1,1,4,19.8
1,1,1,1,1,1,1,1,1,16,27.04
2,2,2,2,2,2,2,2,2,9,43.650000000000006
2,2,2,2,2,2,2,2,2,28,47.32
3,3,3,3,3,3,3,3,3,54,74.2
11,11,11,11,11,11,11,11,11,48,69.8
1,1,1,1,1,1,1,1,1,16,27.04
1,1,1,1,1,1,1,1,1,10,16.5
23,23,23,23,23,23,23,23,23,76,114.67999999999998
14,14,14,14,14,14,14,14,14,75,224.45000000000002
1,1,1,1,1,1,1,1,1,5,23.25
1,1,1,1,1,1,1,1,1,8,13.52
3,3,3,3,3,3,3,3,3,15,11.25
1,1,1,1,1,1,1,1,1,4,19.8
2,2,2,2,2,2,2,2,2,16,30.0
2,2,2,2,2,2,2,2,2,9,32.550000000000004
3,3,3,3,3,3,3,3,3,26,53.7
2,2,2,2,2,2,2,2,2,40,40.239999999999995
1,1,1,1,1,1,1,1,1,10,20.8
4,4,4,4,4,4,4,4,4,28,112.52000000000001
1,1,1,1,1,1,1,1,1,8,13.52
9,9,9,9,9,9,9,9,9,77,164.75
7,7,7,7,7,7,7,7,7,101,145.16999999999996
4,4,4,4,4,4,4,4,4,42,108.9
1,1,1,1,1,1,1,1,1,6,17.700000000000003
1,1,1,1,1,1,1,1,1,6,17.700000000000003
2,2,2,2,2,2,2,2,2,18,53.10000000000001
1,1,1,1,1,1,1,1,1,10,8.5
7,7,7,7,7,7,7,7,7,27,62.85
3,3,3,3,3,3,3,3,3,33,45.75
9,9,9,9,9,9,9,9,9,107,160.75
4,4,4,4,4,4,4,4,4,33,67.35
2,2,2,2,2,2,2,2,2,32,27.2
1,1,1,1,1,1,1,1,1,4,11.8
1,1,1,1,1,1,1,1,1,2,5.9
1,1,1,1,1,1,1,1,1,12,10.2
1,1,1,1,1,1,1,1,1,1,4.95
1,1,1,1,1,1,1,1,1,1,1.65
6,6,6,6,6,6,6,6,6,63,91.05
5,5,5,5,5,5,5,5,5,11,41.449999999999996
2,2,2,2,2,2,2,2,2,10,29.500000000000004
2,2,2,2,2,2,2,2,2,4,8.02
4,4,4,4,4,4,4,4,4,8,13.379999999999999
1,1,1,1,1,1,1,1,1,2,9.9
4,4,4,4,4,4,4,4,4,9,13.45
9,9,9,9,9,9,9,9,9,77,95.05
2,2,2,2,2,2,2,2,2,13,31.35
2,2,2,2,2,2,2,2,2,12,9.6
17,17,17,17,17,17,17,17,17,38,66.96
3,3,3,3,3,3,3,3,3,32,54.08
5,5,5,5,5,5,5,5,5,15,34.78
1,1,1,1,1,1,1,1,1,3,8.850000000000001
10,10,10,10,10,10,10,10,10,14,18.23
1,1,1,1,1,1,1,1,1,8,39.6
1,1,1,1,1,1,1,1,1,20,33.0
1,1,1,1,1,1,1,1,1,4,19.8
9,9,9,9,9,9,9,9,9,42,101.78
2,2,2,2,2,2,2,2,2,3,3.05
18,18,18,18,18,18,18,18,18,99,207.55
3,3,3,3,3,3,3,3,3,21,25.049999999999997
1,1,1,1,1,1,1,1,1,8,39.6
6,6,6,6,6,6,6,6,6,60,111.89999999999999
1,1,1,1,1,1,1,1,1,2,1.7
19,19,19,19,19,19,19,19,19,67,209.71
7,7,7,7,7,7,7,7,7,16,27.8
1,1,1,1,1,1,1,1,1,12,35.400000000000006
3,3,3,3,3,3,3,3,3,19,23.67
6,6,6,6,6,6,6,6,6,34,92.40000000000002
16,16,16,16,16,16,16,16,16,88,180.45000000000002
17,17,17,17,17,17,17,17,17,53,100.69
10,10,10,10,10,10,10,10,10,94,192.8
1,1,1,1,1,1,1,1,1,16,27.04
2,2,2,2,2,2,2,2,2,12,33.32
1,1,1,1,1,1,1,1,1,3,14.85
1,1,1,1,1,1,1,1,1,24,13.2
1,1,1,1,1,1,1,1,1,10,20.8
2,2,2,2,2,2,2,2,2,28,33.0
1,1,1,1,1,1,1,1,1,4,19.8
3,3,3,3,3,3,3,3,3,8,19.799999999999997
1,1,1,1,1,1,1,1,1,24,13.2
1,1,1,1,1,1,1,1,1,2,5.9
1,1,1,1,1,1,1,1,1,5,14.75
1,1,1,1,1,1,1,1,1,4,3.4
2,2,2,2,2,2,2,2,2,27,14.85
4,4,4,4,4,4,4,4,4,13,44.26
5,5,5,5,5,5,5,5,5,48,133.28
2,2,2,2,2,2,2,2,2,3,7.550000000000001
1,1,1,1,1,1,1,1,1,12,10.2
7,7,7,7,7,7,7,7,7,62,111.39999999999999
3,3,3,3,3,3,3,3,3,40,93.68
1,1,1,1,1,1,1,1,1,20,39.0
1,1,1,1,1,1,1,1,1,4,19.8
3,3,3,3,3,3,3,3,3,50,98.8
1,1,1,1,1,1,1,1,1,4,19.8
1,1,1,1,1,1,1,1,1,4,6.6
4,4,4,4,4,4,4,4,4,46,48.099999999999994
2,2,2,2,2,2,2,2,2,48,40.8
7,7,7,7,7,7,7,7,7,41,44.25
2,2,2,2,2,2,2,2,2,22,31.0
4,4,4,4,4,4,4,4,4,8,26.560000000000002
1,1,1,1,1,1,1,1,1,3,14.85
4,4,4,4,4,4,4,4,4,40,70.3
3,3,3,3,3,3,3,3,3,20,46.84
3,3,3,3,3,3,3,3,3,29,62.69
1,1,1,1,1,1,1,1,1,8,13.52
4,4,4,4,4,4,4,4,4,43,62.25
4,4,4,4,4,4,4,4,4,24,118.80000000000001
1,1,1,1,1,1,1,1,1,1,0.55
1,1,1,1,1,1,1,1,1,24,13.2
4,4,4,4,4,4,4,4,4,30,69.72
2,2,2,2,2,2,2,2,2,9,32.550000000000004
10,10,10,10,10,10,10,10,10,105,177.27
11,11,11,11,11,11,11,11,11,52,230.99999999999997
3,3,3,3,3,3,3,3,3,17,18.750000000000004
2,2,2,2,2,2,2,2,2,3,10.450000000000001
1,1,1,1,1,1,1,1,1,12,35.400000000000006
3,3,3,3,3,3,3,3,3,28,60.36
22,22,22,22,22,22,22,22,22,79,143.55999999999997
1,1,1,1,1,1,1,1,1,4,3.4
1,1,1,1,1,1,1,1,1,7,5.95
9,9,9,9,9,9,9,9,9,78,180.0
3,3,3,3,3,3,3,3,3,9,44.55
23,23,23,23,23,23,23,23,23,179,349.45000000000005
4,4,4,4,4,4,4,4,4,36,79.2
1,1,1,1,1,1,1,1,1,2,9.9
5,5,5,5,5,5,5,5,5,43,85.75
3,3,3,3,3,3,3,3,3,15,74.25
3,3,3,3,3,3,3,3,3,18,47.620000000000005
1,1,1,1,1,1,1,1,1,8,13.52
1,1,1,1,1,1,1,1,1,3,5.07
3,3,3,3,3,3,3,3,3,38,52.5
1,1,1,1,1,1,1,1,1,10,20.8
1,1,1,1,1,1,1,1,1,4,19.8
4,4,4,4,4,4,4,4,4,26,55.7
2,2,2,2,2,2,2,2,2,6,29.7
10,10,10,10,10,10,10,10,10,73,171.17000000000002
13,13,13,13,13,13,13,13,13,113,245.05
3,3,3,3,3,3,3,3,3,18,60.400000000000006
1,1,1,1,1,1,1,1,1,6,17.700000000000003
1,1,1,1,1,1,1,1,1,3,14.85
2,2,2,2,2,2,2,2,2,36,30.599999999999998
1,1,1,1,1,1,1,1,1,4,7.8
11,11,11,11,11,11,11,11,11,97,192.35000000000002
2,2,2,2,2,2,2,2,2,9,44.550000000000004
1,1,1,1,1,1,1,1,1,2,5.9
6,6,6,6,6,6,6,6,6,47,146.95
2,2,2,2,2,2,2,2,2,20,33.0
1,1,1,1,1,1,1,1,1,10,20.8
2,2,2,2,2,2,2,2,2,10,37.5
1,1,1,1,1,1,1,1,1,8,13.52
1,1,1,1,1,1,1,1,1,2,9.9
8,8,8,8,8,8,8,8,8,34,67.46000000000001
1,1,1,1,1,1,1,1,1,4,11.8
4,4,4,4,4,4,4,4,4,13,33.28
1,1,1,1,1,1,1,1,1,6,17.700000000000003
1,1,1,1,1,1,1,1,1,4,19.8
18,18,18,18,18,18,18,18,18,205,377.83
1,1,1,1,1,1,1,1,1,8,13.52
1,1,1,1,1,1,1,1,1,3,14.85
1,1,1,1,1,1,1,1,1,6,17.700000000000003
1,1,1,1,1,1,1,1,1,24,13.2
1,1,1,1,1,1,1,1,1,10,16.5
1,1,1,1,1,1,1,1,1,10,20.8
1,1,1,1,1,1,1,1,1,24,13.2
3,3,3,3,3,3,3,3,3,38,71.78
5,5,5,5,5,5,5,5,5,72,112.94
15,15,15,15,15,15,15,15,15,174,269.29999999999995
3,3,3,3,3,3,3,3,3,14,43.22
8,8,8,8,8,8,8,8,8,108,112.19999999999999
4,4,4,4,4,4,4,4,4,20,75.0
2,2,2,2,2,2,2,2,2,24,70.80000000000001
1,1,1,1,1,1,1,1,1,10,19.5
2,2,2,2,2,2,2,2,2,8,39.6
1,1,1,1,1,1,1,1,1,10,16.5
1,1,1,1,1,1,1,1,1,1,1.65
2,2,2,2,2,2,2,2,2,8,4.4
1,1,1,1,1,1,1,1,1,16,27.04
1,1,1,1,1,1,1,1,1,4,19.8
3,3,3,3,3,3,3,3,3,8,35.2
1,1,1,1,1,1,1,1,1,4,8.32
6,6,6,6,6,6,6,6,6,34,110.3
1,1,1,1,1,1,1,1,1,6,17.700000000000003
2,2,2,2,2,2,2,2,2,3,3.7800000000000002
3,3,3,3,3,3,3,3,3,24,52.8
6,6,6,6,6,6,6,6,6,25,84.45000000000002
4,4,4,4,4,4,4,4,4,30,88.50000000000001
1,1,1,1,1,1,1,1,1,8,23.6
2,2,2,2,2,2,2,2,2,9,15.17
11,11,11,11,11,11,11,11,11,42,49.120000000000005
2,2,2,2,2,2,2,2,2,4,8.02
2,2,2,2,2,2,2,2,2,10,16.9
7,7,7,7,7,7,7,7,7,24,32.8
3,3,3,3,3,3,3,3,3,22,44.900000000000006
2,2,2,2,2,2,2,2,2,40,78.0
6,6,6,6,6,6,6,6,6,48,87.64000000000001
4,4,4,4,4,4,4,4,4,37,57.97
5,5,5,5,5,5,5,5,5,10,25.12
3,3,3,3,3,3,3,3,3,50,82.5
9,9,9,9,9,9,9,9,9,50,155.50000000000003
1,1,1,1,1,1,1,1,1,1,2.08
1,1,1,1,1,1,1,1,1,1,1.65
2,2,2,2,2,2,2,2,2,8,31.6
1,1,1,1,1,1,1,1,1,5,4.25
1,1,1,1,1,1,1,1,1,2,3.3
4,4,4,4,4,4,4,4,4,6,8.379999999999999
1,1,1,1,1,1,1,1,1,1,4.95
1,1,1,1,1,1,1,1,1,1,1.65
2,2,2,2,2,2,2,2,2,4,7.5
1,1,1,1,1,1,1,1,1,1,4.95
1,1,1,1,1,1,1,1,1,2,5.9
3,3,3,3,3,3,3,3,3,4,10.930000000000001
2,2,2,2,2,2,2,2,2,4,11.6
1,1,1,1,1,1,1,1,1,3,5.07
3,3,3,3,3,3,3,3,3,48,40.8
1,1,1,1,1,1,1,1,1,4,19.8
1,1,1,1,1,1,1,1,1,4,19.8
2,2,2,2,2,2,2,2,2,3,8.25
5,5,5,5,5,5,5,5,5,16,15.399999999999999
6,6,6,6,6,6,6,6,6,52,87.88000000000001
4,4,4,4,4,4,4,4,4,18,51.36
2,2,2,2,2,2,2,2,2,32,54.08
1,1,1,1,1,1,1,1,1,2,9.9
1,1,1,1,1,1,1,1,1,2,9.9
1,1,1,1,1,1,1,1,1,8,13.52
2,2,2,2,2,2,2,2,2,27,28.049999999999997
3,3,3,3,3,3,3,3,3,9,11.55
2,2,2,2,2,2,2,2,2,32,26.72
21,21,21,21,21,21,21,21,21,112,322.0400000000001
1,1,1,1,1,1,1,1,1,3,14.85
5,5,5,5,5,5,5,5,5,13,16.81
1,1,1,1,1,1,1,1,1,10,16.5
8,8,8,8,8,8,8,8,8,15,20.749999999999996
12,12,12,12,12,12,12,12,12,71,191.85000000000002
2,2,2,2,2,2,2,2,2,21,50.650000000000006
2,2,2,2,2,2,2,2,2,9,15.469999999999999
2,2,2,2,2,2,2,2,2,2,7.9
1,1,1,1,1,1,1,1,1,4,6.76
26,26,26,26,26,26,26,26,26,134,221.92000000000004
2,2,2,2,2,2,2,2,2,9,15.6
1,1,1,1,1,1,1,1,1,3,14.85
2,2,2,2,2,2,2,2,2,4,11.8
4,4,4,4,4,4,4,4,4,19,55.97
1,1,1,1,1,1,1,1,1,1,2.95
4,4,4,4,4,4,4,4,4,23,96.25
5,5,5,5,5,5,5,5,5,22,73.8
1,1,1,1,1,1,1,1,1,1,1.65
6,6,6,6,6,6,6,6,6,30,95.70000000000002
1,1,1,1,1,1,1,1,1,8,13.52
3,3,3,3,3,3,3,3,3,13,12.28
21,21,21,21,21,21,21,21,21,80,266.11000000000007
2,2,2,2,2,2,2,2,2,7,5.35
1,1,1,1,1,1,1,1,1,4,8.32
1,1,1,1,1,1,1,1,1,2,3.3
2,2,2,2,2,2,2,2,2,16,28.64
3,3,3,3,3,3,3,3,3,13,50.35000000000001
1,1,1,1,1,1,1,1,1,5,14.75
1,1,1,1,1,1,1,1,1,24,13.2
1,1,1,1,1,1,1,1,1,3,8.850000000000001
1,1,1,1,1,1,1,1,1,1,4.95
1,1,1,1,1,1,1,1,1,3,14.85
4,4,4,4,4,4,4,4,4,18,42.82
3,3,3,3,3,3,3,3,3,20,49.8
1,1,1,1,1,1,1,1,1,8,13.52
3,3,3,3,3,3,3,3,3,30,49.5
5,5,5,5,5,5,5,5,5,50,89.8
2,2,2,2,2,2,2,2,2,16,38.5
8,8,8,8,8,8,8,8,8,99,150.53
2,2,2,2,2,2,2,2,2,24,40.56
1,1,1,1,1,1,1,1,1,24,13.2
1,1,1,1,1,1,1,1,1,10,20.8
6,6,6,6,6,6,6,6,6,81,84.14999999999999
4,4,4,4,4,4,4,4,4,68,62.400000000000006
1,1,1,1,1,1,1,1,1,6,17.700000000000003
2,2,2,2,2,2,2,2,2,9,26.95
3,3,3,3,3,3,3,3,3,35,41.56999999999999
1,1,1,1,1,1,1,1,1,24,13.2
1,1,1,1,1,1,1,1,1,16,27.04
3,3,3,3,3,3,3,3,3,16,46.2
1,1,1,1,1,1,1,1,1,4,19.8
7,7,7,7,7,7,7,7,7,34,71.3
3,3,3,3,3,3,3,3,3,4,7.029999999999999
4,4,4,4,4,4,4,4,4,42,123.90000000000002
1,1,1,1,1,1,1,1,1,1,1.65
2,2,2,2,2,2,2,2,2,16,49.2
6,6,6,6,6,6,6,6,6,27,48.650000000000006
1,1,1,1,1,1,1,1,1,3,14.85
9,9,9,9,9,9,9,9,9,64,173.7
5,5,5,5,5,5,5,5,5,64,79.2
3,3,3,3,3,3,3,3,3,7,19.85
2,2,2,2,2,2,2,2,2,14,57.300000000000004
1,1,1,1,1,1,1,1,1,24,13.2
2,2,2,2,2,2,2,2,2,9,44.550000000000004
1,1,1,1,1,1,1,1,1,8,13.52
1,1,1,1,1,1,1,1,1,12,35.400000000000006
1,1,1,1,1,1,1,1,1,8,13.52
1,1,1,1,1,1,1,1,1,3,14.85
2,2,2,2,2,2,2,2,2,14,16.5
1,1,1,1,1,1,1,1,1,24,13.2
1,1,1,1,1,1,1,1,1,10,20.8
1,1,1,1,1,1,1,1,1,12,35.400000000000006
2,2,2,2,2,2,2,2,2,6,14.22
10,10,10,10,10,10,10,10,10,24,55.4
6,6,6,6,6,6,6,6,6,69,128.85
1,1,1,1,1,1,1,1,1,6,17.700000000000003
2,2,2,2,2,2,2,2,2,24,40.56
1,1,1,1,1,1,1,1,1,16,27.04
1,1,1,1,1,1,1,1,1,4,2.2
2,2,2,2,2,2,2,2,2,20,75.0
3,3,3,3,3,3,3,3,3,5,21.880000000000003
2,2,2,2,2,2,2,2,2,3,14.850000000000001
1,1,1,1,1,1,1,1,1,4,11.8
2,2,2,2,2,2,2,2,2,14,36.3
3,3,3,3,3,3,3,3,3,5,13.01
2,2,2,2,2,2,2,2,2,14,36.3
5,5,5,5,5,5,5,5,5,34,35.099999999999994
7,7,7,7,7,7,7,7,7,66,113.14
1,1,1,1,1,1,1,1,1,12,20.28
2,2,2,2,2,2,2,2,2,16,27.04
11,11,11,11,11,11,11,11,11,32,120.4
2,2,2,2,2,2,2,2,2,4,8.02
21,21,21,21,21,21,21,21,21,296,400.59999999999997
5,5,5,5,5,5,5,5,5,9,41.25
7,7,7,7,7,7,7,7,7,50,68.0
4,4,4,4,4,4,4,4,4,26,56.540000000000006
1,1,1,1,1,1,1,1,1,1,0.55
2,2,2,2,2,2,2,2,2,11,17.05
5,5,5,5,5,5,5,5,5,70,119.8
3,3,3,3,3,3,3,3,3,15,48.17
10,10,10,10,10,10,10,10,10,61,85.95
6,6,6,6,6,6,6,6,6,23,39.809999999999995
7,7,7,7,7,7,7,7,7,35,64.38000000000001
4,4,4,4,4,4,4,4,4,40,69.0
17,17,17,17,17,17,17,17,17,147,353.34999999999997
1,1,1,1,1,1,1,1,1,1,1.65
2,2,2,2,2,2,2,2,2,13,10.15
4,4,4,4,4,4,4,4,4,7,12.67
1,1,1,1,1,1,1,1,1,4,19.8
2,2,2,2,2,2,2,2,2,8,39.6
5,5,5,5,5,5,5,5,5,16,44.0
2,2,2,2,2,2,2,2,2,28,33.0
3,3,3,3,3,3,3,3,3,11,29.85
1,1,1,1,1,1,1,1,1,10,20.8
7,7,7,7,7,7,7,7,7,19,47.25000000000001
1,1,1,1,1,1,1,1,1,8,13.52
1,1,1,1,1,1,1,1,1,8,13.52
3,3,3,3,3,3,3,3,3,44,54.8
9,9,9,9,9,9,9,9,9,74,214.20000000000005
1,1,1,1,1,1,1,1,1,6,29.700000000000003
2,2,2,2,2,2,2,2,2,6,29.7
5,5,5,5,5,5,5,5,5,51,85.14999999999999
1,1,1,1,1,1,1,1,1,24,13.2
12,12,12,12,12,12,12,12,12,125,224.75
35,35,35,35,35,35,35,35,35,358,669.6
1,1,1,1,1,1,1,1,1,8,13.52
3,3,3,3,3,3,3,3,3,30,58.260000000000005
1,1,1,1,1,1,1,1,1,4,19.8
4,4,4,4,4,4,4,4,4,32,72.7
6,6,6,6,6,6,6,6,6,50,107.18
3,3,3,3,3,3,3,3,3,32,52.8
9,9,9,9,9,9,9,9,9,83,169.35
1,1,1,1,1,1,1,1,1,3,14.85
4,4,4,4,4,4,4,4,4,36,67.2
2,2,2,2,2,2,2,2,2,48,26.4
42,42,42,42,42,42,42,42,42,382,899.7000000000002
6,6,6,6,6,6,6,6,6,56,100.2
9,9,9,9,9,9,9,9,9,106,102.4
1,1,1,1,1,1,1,1,1,3,14.85
22,22,22,22,22,22,22,22,22,266,548.2199999999999
5,5,5,5,5,5,5,5,5,50,121.50000000000001
18,18,18,18,18,18,18,18,18,171,324.85
4,4,4,4,4,4,4,4,4,45,64.99
1,1,1,1,1,1,1,1,1,4,19.8
7,7,7,7,7,7,7,7,7,43,108.52999999999999
2,2,2,2,2,2,2,2,2,16,34.2
3,3,3,3,3,3,3,3,3,30,49.5
3,3,3,3,3,3,3,3,3,48,40.8
8,8,8,8,8,8,8,8,8,80,136.3
11,11,11,11,11,11,11,11,11,94,223.42000000000002
4,4,4,4,4,4,4,4,4,54,67.0
7,7,7,7,7,7,7,7,7,21,103.94999999999999
2,2,2,2,2,2,2,2,2,32,54.08
1,1,1,1,1,1,1,1,1,3,14.85
5,5,5,5,5,5,5,5,5,42,87.11999999999999
4,4,4,4,4,4,4,4,4,36,126.04
3,3,3,3,3,3,3,3,3,24,50.72
1,1,1,1,1,1,1,1,1,8,39.6
41,41,41,41,41,41,41,41,41,492,842.2000000000002
7,7,7,7,7,7,7,7,7,62,115.6
2,2,2,2,2,2,2,2,2,24,40.56
1,1,1,1,1,1,1,1,1,12,10.2
2,2,2,2,2,2,2,2,2,20,46.84
30,30,30,30,30,30,30,30,30,270,323.7
9,9,9,9,9,9,9,9,9,27,67.78999999999999
2,2,2,2,2,2,2,2,2,9,18.47
3,3,3,3,3,3,3,3,3,7,11.649999999999999
1,1,1,1,1,1,1,1,1,4,11.8
2,2,2,2,2,2,2,2,2,26,27.02
20,20,20,20,20,20,20,20,20,109,344.82000000000005
7,7,7,7,7,7,7,7,7,16,59.2
3,3,3,3,3,3,3,3,3,5,20.75
4,4,4,4,4,4,4,4,4,6,13.35
3,3,3,3,3,3,3,3,3,4,9.66
3,3,3,3,3,3,3,3,3,6,15.96
2,2,2,2,2,2,2,2,2,9,26.550000000000004
9,9,9,9,9,9,9,9,9,55,152.17000000000002
1,1,1,1,1,1,1,1,1,5,8.25
2,2,2,2,2,2,2,2,2,3,8.850000000000001
2,2,2,2,2,2,2,2,2,8,39.6
3,3,3,3,3,3,3,3,3,24,60.72
12,12,12,12,12,12,12,12,12,49,94.47
4,4,4,4,4,4,4,4,4,17,28.05
4,4,4,4,4,4,4,4,4,27,40.74
20,20,20,20,20,20,20,20,20,62,123.15999999999997
3,3,3,3,3,3,3,3,3,12,26.799999999999997
1,1,1,1,1,1,1,1,1,2,9.9
6,6,6,6,6,6,6,6,6,33,77.19000000000001
2,2,2,2,2,2,2,2,2,12,35.400000000000006
1,1,1,1,1,1,1,1,1,1,4.95
1,1,1,1,1,1,1,1,1,1,2.08
3,3,3,3,3,3,3,3,3,13,38.35
1,1,1,1,1,1,1,1,1,6,29.700000000000003
161,161,161,161,161,161,161,161,161,413,982.2099999999995
17,17,17,17,17,17,17,17,17,122,315.9
2,2,2,2,2,2,2,2,2,7,24.65
1,1,1,1,1,1,1,1,1,1,1.95
4,4,4,4,4,4,4,4,4,16,26.4
4,4,4,4,4,4,4,4,4,96,52.8
2,2,2,2,2,2,2,2,2,2,5.2
1,1,1,1,1,1,1,1,1,6,3.3000000000000003
1,1,1,1,1,1,1,1,1,1,4.95
2,2,2,2,2,2,2,2,2,9,15.17
1,1,1,1,1,1,1,1,1,3,13.95
2,2,2,2,2,2,2,2,2,9,18.47
14,14,14,14,14,14,14,14,14,38,130.60000000000002
1,1,1,1,1,1,1,1,1,1,0.55
2,2,2,2,2,2,2,2,2,4,5.6
2,2,2,2,2,2,2,2,2,24,43.68
1,1,1,1,1,1,1,1,1,2,3.3
8,8,8,8,8,8,8,8,8,39,70.78
8,8,8,8,8,8,8,8,8,19,51.35
1,1,1,1,1,1,1,1,1,4,19.8
1,1,1,1,1,1,1,1,1,1,0.55
1,1,1,1,1,1,1,1,1,12,10.2
1,1,1,1,1,1,1,1,1,4,8.32
3,3,3,3,3,3,3,3,3,7,7.63
20,20,20,20,20,20,20,20,20,52,79.01
5,5,5,5,5,5,5,5,5,10,19.7
7,7,7,7,7,7,7,7,7,50,73.7
3,3,3,3,3,3,3,3,3,4,9.2
6,6,6,6,6,6,6,6,6,23,26.47
1,1,1,1,1,1,1,1,1,1,4.95
5,5,5,5,5,5,5,5,5,21,40.97
4,4,4,4,4,4,4,4,4,19,40.410000000000004
3,3,3,3,3,3,3,3,3,4,5.74
3,3,3,3,3,3,3,3,3,5,6.65
1,1,1,1,1,1,1,1,1,1,0.55
1,1,1,1,1,1,1,1,1,6,17.700000000000003
1,1,1,1,1,1,1,1,1,5,8.25
2,2,2,2,2,2,2,2,2,4,4.199999999999999
1,1,1,1,1,1,1,1,1,1,0.55
1,1,1,1,1,1,1,1,1,1,1.69
1,1,1,1,1,1,1,1,1,20,17.0
2,2,2,2,2,2,2,2,2,7,26.65
1,1,1,1,1,1,1,1,1,6,5.1
5,5,5,5,5,5,5,5,5,64,63.2
1,1,1,1,1,1,1,1,1,2,9.9
3,3,3,3,3,3,3,3,3,5,5.18
1,1,1,1,1,1,1,1,1,4,11.8
1,1,1,1,1,1,1,1,1,10,20.8
12,12,12,12,12,12,12,12,12,76,135.82
1,1,1,1,1,1,1,1,1,2,1.1
1,1,1,1,1,1,1,1,1,2,3.3
1,1,1,1,1,1,1,1,1,8,13.52
1,1,1,1,1,1,1,1,1,12,35.400000000000006
9,9,9,9,9,9,9,9,9,86,273.38
2,2,2,2,2,2,2,2,2,18,53.10000000000001
17,17,17,17,17,17,17,17,17,38,102.15
11,11,11,11,11,11,11,11,11,105,285.5100000000001
2,2,2,2,2,2,2,2,2,48,26.4
1,1,1,1,1,1,1,1,1,2,1.7
1,1,1,1,1,1,1,1,1,10,16.5
2,2,2,2,2,2,2,2,2,3,6.65
1,1,1,1,1,1,1,1,1,10,20.8
8,8,8,8,8,8,8,8,8,58,61.6
2,2,2,2,2,2,2,2,2,16,27.04
3,3,3,3,3,3,3,3,3,11,11.65
1,1,1,1,1,1,1,1,1,8,27.12
28,28,28,28,28,28,28,28,28,85,200.44999999999993
10,10,10,10,10,10,10,10,10,35,88.55000000000001
1,1,1,1,1,1,1,1,1,1,0.55
64,64,64,64,64,64,64,64,64,245,430.7499999999999
16,16,16,16,16,16,16,16,16,85,133.75
4,4,4,4,4,4,4,4,4,19,33.07
7,7,7,7,7,7,7,7,7,83,106.25
1,1,1,1,1,1,1,1,1,1,2.95
3,3,3,3,3,3,3,3,3,14,33.74
3,3,3,3,3,3,3,3,3,44,46.2
1,1,1,1,1,1,1,1,1,3,14.85
1,1,1,1,1,1,1,1,1,2,9.9
1,1,1,1,1,1,1,1,1,10,20.8
1,1,1,1,1,1,1,1,1,8,39.6
14,14,14,14,14,14,14,14,14,191,235.85000000000002
2,2,2,2,2,2,2,2,2,30,30.900000000000002
3,3,3,3,3,3,3,3,3,26,65.65
3,3,3,3,3,3,3,3,3,37,44.55
1,1,1,1,1,1,1,1,1,8,13.52
1,1,1,1,1,1,1,1,1,2,1.7
2,2,2,2,2,2,2,2,2,20,37.3
13,13,13,13,13,13,13,13,13,110,287.86
2,2,2,2,2,2,2,2,2,11,28.369999999999997
2,2,2,2,2,2,2,2,2,24,70.80000000000001
4,4,4,4,4,4,4,4,4,14,23.299999999999997
1,1,1,1,1,1,1,1,1,6,17.700000000000003
5,5,5,5,5,5,5,5,5,52,153.07999999999998
1,1,1,1,1,1,1,1,1,12,35.400000000000006
6,6,6,6,6,6,6,6,6,50,85.5
8,8,8,8,8,8,8,8,8,74,135.4
3,3,3,3,3,3,3,3,3,38,49.5
3,3,3,3,3,3,3,3,3,60,51.0
1,1,1,1,1,1,1,1,1,4,11.8
3,3,3,3,3,3,3,3,3,19,53.35
2,2,2,2,2,2,2,2,2,27,28.049999999999997
1,1,1,1,1,1,1,1,1,6,29.700000000000003
1,1,1,1,1,1,1,1,1,6,17.700000000000003
1,1,1,1,1,1,1,1,1,6,17.700000000000003
2,2,2,2,2,2,2,2,2,20,37.3
2,2,2,2,2,2,2,2,2,9,16.47
5,5,5,5,5,5,5,5,5,30,60.7
4,4,4,4,4,4,4,4,4,46,123.38
1,1,1,1,1,1,1,1,1,3,14.85
1,1,1,1,1,1,1,1,1,10,20.8
1,1,1,1,1,1,1,1,1,3,14.85
1,1,1,1,1,1,1,1,1,8,23.6
1,1,1,1,1,1,1,1,1,6,17.700000000000003
1,1,1,1,1,1,1,1,1,6,17.700000000000003
1,1,1,1,1,1,1,1,1,6,29.700000000000003
2,2,2,2,2,2,2,2,2,30,49.5
12,12,12,12,12,12,12,12,12,86,183.14000000000004
2,2,2,2,2,2,2,2,2,12,33.32
2,2,2,2,2,2,2,2,2,36,48.60000000000001
19,19,19,19,19,19,19,19,19,182,387.9
1,1,1,1,1,1,1,1,1,6,17.700000000000003
12,12,12,12,12,12,12,12,12,130,275.5
21,21,21,21,21,21,21,21,21,248,595.5
1,1,1,1,1,1,1,1,1,16,27.04
6,6,6,6,6,6,6,6,6,100,165.0
6,6,6,6,6,6,6,6,6,32,136.4
2,2,2,2,2,2,2,2,2,20,37.3
4,4,4,4,4,4,4,4,4,32,84.32000000000001
9,9,9,9,9,9,9,9,9,98,180.5
1,1,1,1,1,1,1,1,1,3,14.85
7,7,7,7,7,7,7,7,7,30,123.0
2,2,2,2,2,2,2,2,2,30,30.900000000000002
1,1,1,1,1,1,1,1,1,3,14.85
3,3,3,3,3,3,3,3,3,13,38.269999999999996
1,1,1,1,1,1,1,1,1,6,17.700000000000003
7,7,7,7,7,7,7,7,7,52,125.0
6,6,6,6,6,6,6,6,6,88,148.24
1,1,1,1,1,1,1,1,1,10,16.5
4,4,4,4,4,4,4,4,4,40,66.32
3,3,3,3,3,3,3,3,3,51,41.25
1,1,1,1,1,1,1,1,1,3,14.85
1,1,1,1,1,1,1,1,1,8,13.52
46,46,46,46,46,46,46,46,46,86,149.75
